,tileID,ratio_rep1,coverage_rep1,ratio_rep2,coverage_rep2,iscontrol,log_cov_rep1,log_cov_rep2
0,A1,0.7599638685528213,0.0013450325437355823,0.6971398156884888,0.001064661596738186,yes,-2.871267207562095,-2.9727884110266585
1,A6774_gp2-004,0.8831096803557282,0.0030042826668658456,0.8059593011048118,0.002933608875056485,no,-2.522259207858042,-2.5325977891729554
2,A6I62_gp2-081,1.5760383907682676,0.004681365265380962,1.636973573647857,0.004369514063147015,no,-2.3296274715513596,-2.3595668585509304
3,A8,0.8955608799167029,0.0007507514696630332,0.806822856071445,0.0008122061483264299,yes,-3.1245038089579245,-3.0903337272639395
4,A8V28_gp4-042,0.8582149532210901,0.0005591055587847657,0.8139375744078658,0.0006075940907132565,no,-3.2525061898419376,-3.2163864586129125
5,A8V28_gp5-019,0.7569468374689978,0.00043393775423380314,0.7725238062682543,0.000673616838520051,no,-3.3625725629564958,-3.1715870652362272
6,A996_gp2-042,0.7057908149693174,0.0004471099526386052,0.7043494159341541,0.0004267245750848744,no,-3.349585662657313,-3.3698523453843645
7,A996_gp2-043,0.7675917070900962,0.0005093746578606584,0.8754022217761652,0.0004925964568584057,no,-3.29296266562496,-3.307508716273564
8,A996_gp2-044,0.7931456136355735,0.0012118635330453538,0.9588763755251396,0.0013781989303673675,no,-2.9165462829603555,-2.8606880914810677
9,A996_gp2-045,0.6106693400458749,0.00023595046189409617,0.9949810818759095,0.0002619411502531777,no,-3.627179168149975,-3.5817962697151207
10,AA15_gp1-097,1.1495464432020472,0.002151558378534296,1.204320992013312,0.002442407929005764,no,-2.6672468656486608,-2.612181798818361
11,AA15_gp1-098,1.329552581494971,0.0002409937753382611,0.6375320781601357,0.00018952545428685644,no,-3.617994174732837,-3.7223324536962283
12,ABY30_gp3-041,0.9301060329221105,0.0028519405531663654,0.8900804051004942,0.0028666054980334803,no,-2.544859531309964,-2.5426320705051477
13,ABY30_gp3-152,0.7339910577547359,0.0018417457184769237,0.7632554287393662,0.0018291752202992963,no,-2.7347703310802496,-2.7377446906065606
14,AL2-1,0.8533056231117676,0.0008016953193901677,0.8808942232834379,0.0006763135688646301,no,-3.095990651975714,-3.1698518992463716
15,AL2-2,0.6334020463419576,0.0020659710086084254,0.757452934808854,0.0020836673601601053,no,-2.684875777148308,-2.681171611273431
16,AL2-3,1.4905520494305384,0.00208982566840129,1.5568891199492791,0.0020837993679392102,no,-2.6798899408789647,-2.6811440980363526
17,AOG67_gp1-436,0.9654911821457852,0.002693959291522988,0.9274571251425276,0.0027237542227874167,no,-2.5696089711967414,-2.564832083434315
18,APL28_gp4-002,0.9480873875188512,0.000579363931775673,0.998277853341316,0.0005424953973601989,no,-3.2370485452357682,-3.2656039421053267
19,AVT81_gp1-348,0.8147451978464597,0.00014404299031034785,0.6016143054135835,0.00014468052589937936,no,-3.8415078713204482,-3.839589921290129
20,AVT81_gp1-413,0.8742929253293062,0.0010176853255432227,0.8525484857629744,0.0011166726617056635,no,-2.9923864877225013,-2.9520741160959223
21,AWMV_gp1-125,0.6244223937122839,0.001587792542769479,0.7080655047671509,0.0017236444300317093,no,-2.7992062420954182,-2.763552319718905
22,AXI62_gp1-015,1.297843747169601,0.005216871522015606,1.3012346091841975,0.0044261265421290195,no,-2.2825898586900717,-2.353976173833353
23,AXI67_gp4-008,1.5314949230706167,0.0009544204695537614,1.6408979777557102,0.0009027257682843315,no,-3.020260254879506,-3.0444441604382653
24,AXI67_gp4-009,1.381453474147574,0.00024407934685473332,1.8086201737843517,0.0002635629601107568,no,-3.612468967516439,-3.5791156234778616
25,AcLVgp1-148,0.873773030580508,0.002194628700943536,0.9021464257743509,0.0024360715556087107,no,-2.658638945477178,-2.6133099591632996
26,AcLVgp5-021,0.8767317434852394,0.0014794570628359615,1.2891558119770379,0.0012275969126624086,no,-2.8298976345209232,-2.910944212465179
27,AlVX_gp1-058,0.8817083028766414,0.0018569607780236658,0.7928784316629065,0.0017452371310425006,no,-2.731197269156171,-2.7581455556924825
28,ApLV_gp1-041,0.961819523935269,0.003987579829853075,1.0758086469554933,0.004518249113690342,no,-2.3992906094350404,-2.3450298279268256
29,ApLV_gp1-042,1.0329865066097892,0.0015516381565178496,1.082170376686856,0.0016038756578749108,no,-2.809209549153576,-2.794829303877283
30,B1U05_gp3-033,0.9583357305314564,0.00024490925919364655,0.9362606457785836,0.00023529443712807044,no,-3.6109947953542885,-3.62838834036814
31,B1U05_gp3-034,1.0225447526514628,0.0006482040962983462,0.9042797473918978,0.0005847756031822022,no,-3.1882882287895433,-3.2330107544229088
32,B1U05_gp3-084,0.9504009381822867,0.0005347189039028543,1.1334409473252818,0.0004970092883313534,no,-3.271874462027258,-3.30363549490176
33,B390_gp1-170,1.0097830775848353,0.0011063795467891276,0.8709572607727896,0.0011757555719823522,no,-2.956095861458692,-2.9296829544271263
34,B391_gp1-120,0.6575787589195352,0.00010727148975542377,0.8884609892744539,8.957670725000678e-05,no,-3.969515687979556,-4.04780490582787
35,B5V04_gp1-445,1.2225030221441244,0.0036563596874124534,1.2452143700534641,0.0036249147559766427,no,-2.4369510879451144,-2.4407022019051947
36,B5V04_gp1-447,0.7231803032746988,0.004381788190836853,0.8778618226735506,0.004657366454613142,no,-2.3583486194211387,-2.33185958921886
37,B714_gp2-025,1.0134747055732058,0.0013412872983086918,1.035308410722038,0.0013832152259733678,no,-2.872478188064632,-2.8591102391385435
38,B714_gp2-026,0.8884352853120018,0.00045681354306282125,1.0614320348417519,0.0004978013350059851,no,-3.340261029126779,-3.3029439430328593
39,B714_gp6-186,0.7284644069257417,0.0006461186755492823,0.9305601914506628,0.0007014327634029478,no,-3.189687705839908,-3.1540139524083353
40,B7L85_gp3-033,1.0810848675929183,0.00031779258639307647,0.7271679818183858,0.0002786495634370737,no,-3.4978562384254697,-3.554941633020551
41,B7L85_gp3-034,0.9813642079202817,0.002299453013289344,1.1354882116274705,0.002466527636073713,no,-2.6383754603137515,-2.6079140141458597
42,B7L85_gp3-035,1.115334792860958,0.005898995625191585,1.1301716792857577,0.006409241691119222,no,-2.229221925911859,-2.1931933509560686
43,B7L85_gp3-036,0.8400698535097842,0.001788567489375792,0.9340412002879518,0.0019173752749957766,no,-2.7474946676422167,-2.717292877257908
44,B7L85_gp3-037,0.838061872239331,0.0005226319754797079,1.0410001355889213,0.0005921680388120974,no,-3.2818040229485765,-3.2275550365653003
45,B7L85_gp3-084,0.7159607253312678,0.0006585035212222949,0.8288785879315006,0.000773509010794427,no,-3.181441898388874,-3.1115346227331937
46,B7W91_gp1-120,0.9836576515195814,0.0010830994416924338,1.2137007280216694,0.0011509192512564029,no,-2.965331668032399,-2.938955145496143
47,B8,0.8421288144779987,0.004291838461180797,0.7495403124740466,0.004154793981305209,yes,-2.367356632637599,-2.381450506176036
48,B9,0.823211038337414,0.0020327532352483347,0.7215021138100599,0.001802924530511505,yes,-2.6919153390572603,-2.744022452239544
49,B920_gp01-065,1.0432525146117078,0.0026683809676416115,1.0073267580427798,0.00280673054108216,no,-2.5737521656351428,-2.551799279612936
50,B9L41_gp1-107,0.7909999936173023,0.0006336487106620222,1.0095807131384185,0.0007625712233828472,no,-3.198151444488975,-3.117719587420386
51,BBV81_gp3-161,0.7656608444305036,0.0010330280639113364,0.7544017845006613,0.0010303395741708148,no,-2.9858878799941464,-2.9870196190969214
52,BCMNVgp1-116,1.2348238984923312,0.022340154893562145,1.1478882209628016,0.021971714202856506,no,-1.650913820066152,-1.6581360587008156
53,BCTVgp6-012,1.061791757843167,0.0009320553960102284,1.2106389225120897,0.0010078228187062868,no,-3.030558274913607,-2.9966158127533853
54,BCVgp2-068,0.919450143384464,0.0007248326689246666,0.8144057986997756,0.0006081409800838354,no,-3.13976224080865,-3.2159957303077413
55,BCVgp2-069,0.797044748480487,0.0018099111323483551,0.875427885081743,0.0018824875048036689,no,-2.7423427487099454,-2.725267897790118
56,BCVgp2-084,1.19318688820226,0.005134454842820455,1.1379609334555647,0.004921570595365268,no,-2.2895056613799416,-2.3078962809620718
57,BCVgp2-085,1.5471413893061352,0.002642079130439131,1.2764923762922553,0.0024524028037094486,no,-2.578054179379164,-2.6104081960373633
58,BCVgp2-086,1.1077120346890332,0.0029461888031419203,0.9945443683995137,0.0029330431274317485,no,-2.5307394253361135,-2.53268155111153
59,BGV87_gp1-045,0.7146961707886434,0.0017371342041667345,0.9656993103248269,0.0019890743573040977,no,-2.760166628370632,-2.7013489813988176
60,BGV87_gp1-063,1.0767080275080771,0.0006432671818719907,1.036799211847043,0.0007416762777758982,no,-3.1916086048182963,-3.1297856115042952
61,BGV88_gp1-115,0.8547987444776063,0.001133745374169702,0.932673337052575,0.0011286476530959276,no,-2.9454844719068616,-2.94744161715325
62,BGV88_gp1-116,1.081809563374704,0.00043202257191323417,1.459271645315079,0.00044756294592934964,no,-3.3644935619784353,-3.349145876219977
63,BGV88_gp1-117,1.1784438508051305,0.0006238600010235586,1.0884834009240403,0.0006482902031859964,no,-3.2049128584017295,-3.1882305413068757
64,BGV88_gp1-119,0.9137747706106839,0.0011167853707308858,0.986807540419748,0.0011947458339193536,no,-2.9520302837005556,-2.9227244751900856
65,BH751_gp5-020,0.968304794643473,0.0074747012395379175,0.9025480950198307,0.007030583449113585,no,-2.126406161212641,-2.153008632559666
66,BJV11_gp1-425,1.2244409751799585,0.001387762389287832,1.3525407279146426,0.0015711188704026452,no,-2.857684886802571,-2.803790955121119
67,BJV11_gp1-426,0.7832796789818225,0.0016439925039763972,0.8481181401067787,0.0019342722707212517,no,-2.7841001670204872,-2.713482394084856
68,BJV11_gp1-427,0.9468713492785571,0.0003094934630039443,0.9330640906318977,0.0002999405323813385,no,-3.5093485195398144,-3.522964842009354
69,BJV11_gp1-428,1.179283929479069,0.0011361499919721942,1.0501963949152042,0.0010818980410385029,no,-2.9445643302572173,-2.965813665570295
70,BKK69_gp1-193,0.7923391201975044,0.00036965146767337163,0.8544588118570846,0.00038533070720829233,no,-3.4322075651294393,-3.414166380450465
71,BKK91_gp3-008,1.1815933555034384,0.005520683277468529,1.3366382579588123,0.006190127636058626,no,-2.2580071676929165,-2.2083003960421648
72,BMI92_gp2-038,1.3009382723686718,0.0009995762127120653,1.2227288821303706,0.0009981862508316019,no,-3.000184087490376,-3.0007884164665803
73,BMI92_gp2-040,0.7335999393078655,0.000730663335100621,0.8933983961307539,0.0007781858578255852,no,-3.1362826851318495,-3.1089166660073713
74,BMI92_gp2-041,0.8571807141123226,0.000514822287572499,0.9972288854803584,0.0005569785365534632,no,-3.2883426599801027,-3.2541615402589366
75,BSCVV_gp3-036,1.0884570603187604,0.00030381175545292306,0.890601800982996,0.0002795359013824948,no,-3.5173954258992866,-3.553562406843657
76,BSCVV_gp3-037,0.7868774987813604,0.0019476127411972635,0.8881454503328245,0.002045196521677997,no,-2.710497392981368,-2.6892649545614487
77,BSCVV_gp3-038,0.9071939081974054,0.0002675722499870459,0.9574129355479701,0.0003005251382602333,no,-3.572558929403538,-3.5221191943731127
78,BSCVV_gp3-039,0.8327124165289882,0.0012428894866385709,0.8331211387224945,0.0012296524623656194,no,-2.9055674855794096,-2.910217616206218
79,BSCVV_gp3-054,1.4408362965178039,0.0020690778599284595,1.5310606600485457,0.0021956476733496926,no,-2.6842231664144656,-2.6584373480999637
80,BSCVV_gp3-064,0.8387441444768323,0.0012248442132180989,0.9914472879494791,0.0013221333407559422,no,-2.911919145293071,-2.878724742857737
81,BSCVV_gp3-085,0.7496280905740043,0.0017737780259002873,0.8652323239054102,0.0018441675323548237,no,-2.7511007295766463,-2.734199628254031
82,BSCVV_gp3-086,0.7645307091762822,0.0024284086228743207,0.7987429373865976,0.002500151903237242,no,-2.6146782336890215,-2.6020336038345366
83,BSGFVp3-078,0.7517198151968106,0.0008110797127609555,0.8989614597813518,0.0009375758219681236,no,-3.090936461311656,-3.027993600687351
84,BSGFVp3-081,1.1068650266040616,0.0017810982783255731,0.8691229535046988,0.0016135122257495958,no,-2.7493121161589302,-2.7922277395532458
85,BSMysV_gp3-033,0.6666984031123068,0.00036107570683793506,0.6539681267755939,0.0003703949699152386,no,-3.4424017299092013,-3.431334919811077
86,BSMysV_gp3-038,1.0051064009097859,0.0007583057999274997,0.9051217287704945,0.0007203853088316335,no,-3.1201556222847344,-3.1424351525410272
87,BSMysV_gp3-039,0.7291900162320246,0.001741922159968157,0.8788325650563754,0.0019703858274336228,no,-2.7589712559021846,-2.7054487249456014
88,BSMysV_gp3-040,0.7324296263393709,0.0011148489086067548,0.975466066292562,0.0012519994935427264,no,-2.9527839869697603,-2.902395846805816
89,BSMysV_gp3-181,0.9634585360776318,0.0001169325205725161,1.081353539901747,0.00010975503919895568,no,-3.932064688658197,-3.9595755308028475
90,BSMysV_gp3-182,0.841572141656071,0.0014159368492037577,0.8316373543501451,0.001305632368367783,no,-2.848956115752131,-2.88417909171731
91,BSV_gp3-079,0.6921494817517818,0.0029865353106952397,0.7028287993698409,0.0030546411502418627,no,-2.5248323460937256,-2.5150398019921676
92,BSV_gp3-121,0.9145318795692345,0.004486314585932794,0.9754057967877044,0.004504991761017341,no,-2.348110276418566,-2.3463059989464004
93,BSVgp3-033,0.809422327865758,0.0010059601537806284,1.1519489486964516,0.0011593488908649824,no,-2.997419221403272,-2.935785849130473
94,BSVgp3-034,0.6120380243828346,0.0004885204503700185,0.5425468970201341,0.0005247497801976187,no,-3.3111172511940277,-3.2800477346588184
95,BSVgp3-035,0.9085024450169947,0.0004935212042070597,0.773994378904447,0.00047319131332993055,no,-3.3066941830707655,-3.3249632365874393
96,BSVgp3-036,0.7063794484186169,0.0004943085569388491,0.7850309193336282,0.0005105117983084071,no,-3.3060018714345127,-3.2919942165917084
97,BTBLV_gp1-116,0.9342801924018714,0.0003444774600596707,1.2492610656907592,0.00039249684378829286,no,-3.4628391896981774,-3.4061638312266
98,BTW11_gp4-009,1.559005332970417,0.0010625005918445366,1.3429230378341181,0.0009903035005936012,no,-2.973670819362597,-3.0042316857730116
99,BTW11_gp4-010,1.3891043482836372,0.0017733737096326115,1.5747674003519772,0.001765868061091239,no,-2.7511997342642647,-2.75304174836921
100,BaSCAV_gp3-033,0.5508034188795069,0.0003309222251907548,0.7891444163415352,0.000362323637135659,no,-3.4802740640472587,-3.4409033326981993
101,BaSCAV_gp3-034,0.920560640006409,0.0003070037259872047,0.7441162517680754,0.00027467047180975763,no,-3.5128563536242368,-3.56118802648905
102,BaSCAV_gp3-036,0.7643648809744801,0.002434941522567817,0.7924262883693207,0.0026069839130417236,no,-2.6135114643183694,-2.583861648731466
103,BaSCAV_gp3-178,0.8742008902540177,0.000665078980522915,1.0981593535068195,0.0007420157263507404,no,-3.177126777601366,-3.1295868901455415
104,BaSIMV_gp3-032,0.9947228216821072,0.0029694689082386144,1.4737135339215552,0.0028746768308130595,no,-2.527321217634339,-2.5414109713163935
105,BaSIMV_gp3-033,1.0090251097159395,0.0007668390011558125,1.1066687699991602,0.0008770596843754348,no,-3.1152958071711008,-3.0569708516591225
106,BaSIMV_gp3-034,0.7604000379781364,0.002954636885155986,0.8183353533057215,0.003348980781138306,no,-2.5294958848209586,-2.475087344747243
107,BaSIMV_gp3-035,0.8534458243498863,0.000684847918031899,1.062941604967735,0.0008465658874021167,no,-3.164405860175565,-3.07233923552124
108,BaSUAV_gp3-033,0.8254436163196062,0.00020926558822750195,0.9626241091459465,0.00022946723659328052,no,-3.679302181463564,-3.639279314407794
109,BaSUAV_gp3-034,0.7386308599777113,0.00121805595588186,0.9481042955505012,0.0013358810080370484,no,-2.914332760329968,-2.8742322243862137
110,BaSUAV_gp3-076,0.5275455004375792,0.0002617841434182153,0.5270667325049806,0.0002769146040545473,no,-3.5820566627299777,-3.557654139620787
111,BaSUAV_gp3-078,0.4745120114917646,0.00010399440000689465,0.8109697904687568,0.00012640687762037798,no,-3.982990046389535,-3.89822929605901
112,BaSUAV_gp3-115,0.5673487816944436,0.0003728434382076532,0.7825120757064662,0.0004403968093493491,no,-3.4284734957952265,-3.3561558361285124
113,BaSUIV_gp3-179,0.8122129889536204,0.0011371714225431643,0.9559482192441954,0.0012865100986516763,no,-2.9441740627942545,-2.890586800381358
114,BaSULV_gp3-079,0.8528137530795306,0.00046434659352372586,0.8931737761121744,0.00045273010756861323,no,-3.333157736116325,-3.3441606229862457
115,BaSUMV_gp3-079,0.7952842518795656,0.0010250268577720704,0.9688568583182253,0.0010638318335552384,no,-2.989264755067356,-2.973127018216859
116,BiMV_gp1-116,0.5907373081051528,0.0008983269073646528,0.7259456076053765,0.0009945843242874436,no,-3.0465655918084673,-3.0023583899953206
117,BiMV_gp1-218,0.6398612811597131,0.0007557309436965126,0.8752516940603067,0.0008348360533159053,no,-3.1216327950622094,-3.0783988037152943
118,C1175_gp1-130,0.6720118596217082,0.0014803720943891224,0.8447888082668181,0.0014627216255030581,no,-2.829629110125861,-2.8348383177648224
119,C1177_gp5-021,0.6849181650237933,0.0047797205174439595,0.8960360738622795,0.005111963529343387,no,-2.320597496961195,-2.2914122532576022
120,C340_gp4-021,0.9855971332518084,0.002405468994634617,1.0548935284669738,0.00257896054736309,no,-2.6188002365772043,-2.5885553015974496
121,C419_gp2-085,0.8564974325246476,0.004901845310085574,1.1267525590346827,0.004663250229910406,no,-2.309640398109698,-2.3313112796873616
122,C419_gp2-086,0.9631775568228673,8.352322898036864e-05,1.4323945915397684,7.32643174034266e-05,no,-4.078192724336436,-4.135107492315803
123,C5,1.9564870022184704,0.017156969300584992,1.8656483963495831,0.014936340757186814,yes,-1.7655594258274732,-1.8257557869659289
124,CABYVgp2-054,1.1988882092303144,0.0016929147723651534,1.1173220158450492,0.0018422628486848762,no,-2.7713649053424603,-2.7346484058495557
125,CABYVgp2-055,1.0583211493195512,0.0008259542954507078,0.9249870643148689,0.0008413610092545373,no,-3.0830439838935746,-3.0750176181307207
126,CBSV_gp1-227,0.9301080503851716,0.0015094190262510848,0.9228159069905213,0.0018527480379966666,no,-2.8211901800211945,-2.7321836379654854
127,CBvgp1-073,0.8144528070495438,0.0007151503583040124,0.8848112714504577,0.0006327887182682058,no,-3.145602639434284,-3.1987412723004254
128,CCL36_gp5-008,1.51581579642787,0.0002843194553902434,1.5945283002195894,0.00028596656605033743,no,-3.546193421422702,-3.5436847396983393
129,CCL36_gp5-009,1.7608562717496155,0.003944998942925758,1.8296072709048445,0.00393930071104293,no,-2.403953108825048,-2.4045808655574934
130,CCL36_gp5-010,1.7350135727980875,0.001319028623782968,1.6667088196960114,0.0012823801409910971,no,-2.8797457798773562,-2.891983216109903
131,CCSV_gp2-085,1.0425629737135913,0.001772820434740003,0.9068392961660354,0.0018497307173314032,no,-2.7513352509477866,-2.7328914913208986
132,CCSV_gp2-087,1.4469991605230206,0.0007624766414256277,1.4844048237485818,0.0008314415675674839,no,-3.1177734564471997,-3.0801682669191575
133,CCZ25_gp2-099,0.9114233009751788,0.0012230567097189012,0.7773276053201241,0.001065170769600449,no,-2.91255340547639,-2.972580759971934
134,CCZ25_gp2-102,1.36136653696298,0.0010599470154171113,1.1072170857401573,0.0010042208921621286,no,-2.974715843685323,-2.9981707476536217
135,CD922_gp1-005,0.9957530214911909,0.00073779206929385,1.0778577000193363,0.0008132056357967984,no,-3.1320660174209936,-3.0897996202123448
136,CERVgp4-003,0.7499322702089686,0.0004106363693335474,0.9701969660054518,0.0005361590239631458,no,-3.3865425885714133,-3.2707063801082623
137,CGU93_gp1-114,0.5995484342512732,0.00027704176257208133,0.7257699942541876,0.0003086719040564444,no,-3.5574547584175407,-3.5105028990846514
138,CH98_gp1-166,0.8341310979906381,0.00024180240787361243,0.7582045842458013,0.0002541904077942824,no,-3.616539378739861,-3.5948408421400484
139,CKM63_gp4-014,1.1076604485902284,0.004101320379891309,1.1376923252066782,0.0038880628344959258,no,-2.3870763039180147,-2.4102667251103855
140,CKM63_gp4-015,1.3622181183690782,0.014304071156258343,1.2616220156178268,0.01404270466740659,no,-1.8445403381249552,-1.852549237718684
141,CKM63_gp4-016,1.6410817126274715,0.006544071590366335,1.6813988046223123,0.006643065184422976,no,-2.184151958247034,-2.1776314860657044
142,CKM63_gp4-017,1.3352191164987908,0.004947298970493744,1.3103053839943546,0.004979333427850903,no,-2.3056318439692767,-2.3028287913731886
143,CKM63_gp4-018,1.043427569045414,0.016153647842446037,1.1240894406086075,0.01699822683379455,no,-1.7917293891871109,-1.7695963795900964
144,CKM67_gp2-042,0.8064982616608317,0.0005498062846282253,0.7126919344272338,0.0004664589165955616,no,-3.2597903002077926,-3.3311866007525364
145,CVNV_gp1-043,0.9409847687414429,0.001626160028591544,0.9429636196494285,0.0017052576322277605,no,-2.7888367182041547,-2.7682099980190786
146,CVXgORF1-041,0.8182295783394793,0.0012222693569871117,0.9024599518874548,0.0013447632457454176,no,-2.91283307612089,-2.871354169280129
147,CVXgORF1-042,0.82960863701576,0.0028055931410085966,0.8931553280239645,0.0029926163523165423,no,-2.5519753088694106,-2.523948955311962
148,CVYV_gp1-063,1.0825666861246375,0.007292375882619753,1.060534505559481,0.007026811798282006,no,-2.1371309539034624,-2.153241678177904
149,CVYV_gp1-194,0.7191059733008064,0.0007814795060063841,0.6951412943474318,0.0008033427688722187,no,-3.107082406697953,-3.095099111175823
150,CVYV_gp1-238,0.735280146100952,0.0007205979880158531,0.9484980430415153,0.0008280093653107469,no,-3.14230695480689,-3.0819647510414763
151,CVYV_gp1-276,1.202216631457965,0.0012263337994674304,1.0072652129911464,0.001460006036904321,no,-2.9113913018115354,-2.8356453484698
152,CYDVRPVgp2-085,1.1953350393178557,0.0008317211222159766,0.9769357646338884,0.0007964029313421129,no,-3.08002226912457,-3.098867150122075
153,CYDVRPVgp2-086,0.8287287374795447,0.0006034313896041563,0.7400060348648652,0.0006110451512241515,no,-3.219372102219862,-3.2139266977721546
154,CaMVgp2-022,0.8750345794398915,0.004758951429167567,0.9229942688399455,0.00495157407773048,no,-2.3224887276770048,-2.3052567193285527
155,ChiRSV_gp1-116,0.7565474954290695,0.0007155333947681263,0.7743390070800406,0.0007217619613851599,no,-3.145370092407242,-3.141606010051294
156,Clbvgp1-067,0.8743840854971344,0.0007972478404457353,1.0662874550400068,0.0008833394830100143,no,-3.0984066484835866,-3.053872357279438
157,Clbvgp1-068,1.3042238072246546,0.00084014792442648,1.2053248039454827,0.0008739857889476977,no,-3.0756442411926046,-3.058495628958015
158,ComYMVgp3-037,0.8252229513555157,0.0009846377906116274,0.9674397658334807,0.0011438662642013497,no,-3.006723499927126,-2.941624748370377
159,CpCV_gp4-019,0.720274368016401,0.002861814382019077,0.839454031822098,0.0030316529384233873,no,-2.5433585381091164,-2.518320517932739
160,CpCV_gp4-020,0.690843420301252,0.0005855137950050556,0.7548678565099733,0.0006668090087690505,no,-3.2324628682705314,-3.17599854136914
161,CpRLV_gp3-015,1.0167128017075249,0.0018427245894407699,1.0176911974169998,0.0019809841662703606,no,-2.7345395688633944,-2.7031189957026904
162,CsVMVgp1-079,0.6993672992537406,4.024010853551009e-05,0.5909538193940218,3.724505196184492e-05,no,-4.395340856572667,-4.428931415490257
163,CsVMVgp1-080,0.7070132188093282,9.773813775970271e-05,0.5233654336017014,0.0001037581143767447,no,-4.009935939999783,-3.9839779293990714
164,CsVMVgp1-081,0.6371288596611531,1.96412586876128e-05,0.5865546725904637,2.246018070205433e-05,no,-4.706830684391795,-4.648586753969958
165,CsVMVgp1-082,0.6113663873232258,0.00031060001278916194,0.9327652813835432,0.0003651146587510276,no,-3.507798530725096,-3.437570730493481
166,CsVMVgp1-084,0.7396253906299495,0.001258657821077922,0.8682322971049938,0.0013673554342265772,no,-2.9000923212153578,-2.8641185790248986
167,CsVMVgp1-086,0.7680782771712388,0.00017440926999314683,0.45739695785552364,0.00016453826752764404,no,-3.7584304356885494,-3.7837330798215185
168,CtRLVgp2-038,0.8132639893252884,0.0044319021282250735,0.918914770065178,0.00512197726230123,no,-2.3534098389026212,-2.2905623538017994
169,CymMVgp5-013,0.8859656444438003,0.002715707250763227,0.9056603031405588,0.002951599649523118,no,-2.566117048173047,-2.52994254989579
170,D013_gp4-041,0.8343797071248668,0.0027025137725548627,0.9297369221586365,0.003049473988602599,no,-2.568232084116803,-2.515775066734723
171,D013_gp4-042,0.8772055770547047,0.0009133504486793382,1.0269117729920938,0.0010756182424039235,no,-3.039362553544515,-2.9683418407847557
172,D1P47_gp1-070,1.4916417868740819,0.00608064002839577,1.3274667551204433,0.005448866239874202,no,-2.216050705896442,-2.2636938531341637
173,D1Q04_gp3-031,1.1078056181157645,0.004863754461709813,1.0621344981127145,0.0046574418876297735,no,-2.313028357792917,-2.3318525552270324
174,D1Q04_gp3-032,0.8274460192850338,0.00027357315459149536,0.835762349436177,0.00026169599294912504,no,-3.5629265216624186,-3.5822029271629727
175,D1Q04_gp3-033,1.059452620658411,0.0007294078266904703,1.1266325411318094,0.0007185937746866333,no,-3.1370295809314146,-3.1435165494900588
176,D1Q04_gp3-034,1.3908511886990578,0.0016881906559744165,1.2657518134140255,0.0015864317727788569,no,-2.7725785078514216,-2.7995786007415133
177,D1Q05_gp3-048,1.01903253813693,0.0013023026981833325,1.1339077178719457,0.0015565602981927494,no,-2.885288059645186,-2.807834050911339
178,D1Q05_gp3-049,0.8133796405170631,0.0005406559690966181,1.0888906711319555,0.0006410486335893643,no,-3.2670789978314625,-3.193109021185886
179,D1Q05_gp3-050,0.8851478681576576,0.0005559561478576079,0.9487472369015066,0.0006715235723085245,no,-3.2549594629045195,-3.1729387378071245
180,D1Q05_gp3-051,0.8500492678019059,0.0006908062630292247,1.1693702117948381,0.0008310644024843261,no,-3.160643733660019,-3.0803653197059058
181,D1Q05_gp3-052,1.2593906546027873,0.0012179708366676127,1.3884664044597408,0.0013577942993685237,no,-2.9143631104108287,-2.8671660190214676
182,D1Q05_gp3-053,1.0377265329333711,0.00340819461827384,1.00989228423686,0.003254689510348825,no,-2.4674756136620455,-2.4874904357820826
183,D1Q05_gp3-054,1.0259900207189234,0.0035366182327697697,1.1777630838951647,0.0036792453862055418,no,-2.4514118184294977,-2.434241246058218
184,D1Q05_gp3-171,0.8239256526174831,0.006857225179582922,0.6402155734408792,0.006019045554338192,no,-2.1638515888101706,-2.2204723697632915
185,D1Q06_gp3-034,0.8713577070282605,0.00015200163684248998,0.8919546805766604,0.00015205410327511678,no,-3.8181517352931644,-3.818001855653383
186,D1Q06_gp3-078,0.685610959633594,0.0004672193670045793,0.8417039260471015,0.0005019312926665643,no,-3.330479163308129,-3.29935572759197
187,D1Q06_gp3-079,0.888110970184577,0.001495182837668189,0.9816124537072467,0.0016442511800269666,no,-2.825305696613694,-2.784031837789207
188,D1Q44_gp01-134,0.7936508603354525,0.0030715694057285017,0.8824776210697568,0.0033002321941401447,no,-2.512639666838201,-2.481455503429296
189,D1Q45_gp1-440,0.9307233733991059,0.0010574572784003717,0.8030796817580524,0.0009000667544480681,no,-2.9757371692292893,-3.0457252794347487
190,D1Q45_gp1-442,0.8811538033323368,0.001356034202177073,0.9838562567759098,0.0014129169762720543,no,-2.867729356464938,-2.849883356768745
191,D1Q88_gp4-010,1.0614324542380709,0.0018720907183561607,0.9548119527494384,0.0019288788100320935,no,-2.7276731099104774,-2.7146950578862903
192,D1Q93_gp5-009,0.8215570425509028,0.008137907597347387,0.8716942808713701,0.008449459633699535,no,-2.089487245693101,-2.073171064494863
193,D1R80_gp1-214,0.8176366816289169,0.0024922480335599524,0.8936375478751236,0.00258622097521388,no,-2.6034087379976194,-2.58733437032338
194,D1S96_gp1-103,0.9864618262793242,0.002756479354387784,0.7674127985256424,0.0023449107550094408,no,-2.559645255972319,-2.6298736814540087
195,D1S96_gp1-104,1.0002663539908798,0.0005403580518467518,0.7428048290040007,0.00048099863055129955,no,-3.2673183727488078,-3.31785616010197
196,D1S96_gp1-106,0.7471924824788292,0.001118466475212274,0.8712544680264496,0.0011831102911039316,no,-2.9513770288659824,-2.926974767979698
197,D1T82_gp4-009,0.8886497795795033,0.015861199502095157,0.7807193472740134,0.014619729528129895,no,-1.7996639722868548,-1.8350606619559466
198,D1T90_gp3-049,0.9277968149471192,0.0024712661472479414,1.0720608983114694,0.0027047262443420992,no,-2.607080479989746,-2.567876684933788
199,D1T90_gp3-050,0.9136955085161858,0.0002607201532401214,1.162448645764303,0.00031400878998312905,no,-3.5838253972831717,-3.503058194640995
200,D1T98_gp3-047,0.792423861992584,0.0006993181844539756,1.059777244335317,0.0007887841966623229,no,-3.1553251786018337,-3.1030417990951182
201,D1T98_gp3-049,1.2743288931976349,0.000774733808277269,1.36951599721075,0.0008880729048036461,no,-3.1108474916286175,-3.051551380106233
202,D1U05_gp1-167,0.8633795500006396,0.0007887784786281081,0.9594537242140794,0.0008647641026644865,no,-3.103044947382975,-3.063102346735486
203,D1Y37_gp1-122,0.8155255390050701,0.0022396354854769063,0.82646273993978,0.0022067551850486933,no,-2.649822660026528,-2.6562458443099497
204,D1Y37_gp1-436,0.758739104358933,0.0007213853407476425,0.8343839198455345,0.0008158835078872197,no,-3.1418326872146247,-3.088371845527213
205,D1Y37_gp1-438,0.8128516751727227,0.001466199745216912,0.9832236552307311,0.0017506494499858168,no,-2.8338068602977398,-2.756800808330166
206,D306_gp3-022,0.706405708615411,0.0004058696933356869,0.8019504087888948,0.00039502384984545095,no,-3.391613376641507,-3.4033766827442085
207,D306_gp6-000,0.6211413832027822,0.0005256537075854945,0.800643332913657,0.0005660493568034113,no,-3.279300268036577,-3.2471456987537657
208,D306_gp6-001,0.8619077236475701,0.0018844330044220496,0.8751240054280842,0.0020765577983425784,no,-2.7248192980270685,-2.6826559763518842
209,D306_gp6-002,0.9584556219406282,0.00398253651640891,0.9756413794482992,0.0041401411178245235,no,-2.3998402334045004,-2.382984855582485
210,D306_gp8-022,0.596997726337164,0.0009475045333961513,1.047820960232425,0.0010148946640154979,no,-3.023418703445143,-2.993579030864824
211,D566_gp1-043,0.7766245908282015,0.0018286799190899308,1.0870997479358797,0.001516316783819799,no,-2.737862304112413,-2.8192100578775916
212,D566_gp1-044,0.7147570251621678,0.003090465871291449,1.042356509952038,0.0037065709964803333,no,-2.5099760480571547,-2.4310276768900483
213,D607_gp1-188,0.6636329778238192,0.0021925432801944717,0.8773996178100768,0.0025843351497980903,no,-2.659051825025039,-2.587651165495282
214,D7,0.6187226818919155,0.0009911919701086854,0.7178227628939741,0.001099869957250978,yes,-3.0038422249447594,-2.9586586604662664
215,DMV_gp3-032,1.0383873917349942,0.0006840818451036715,0.9889627757862303,0.0006996978040204214,no,-3.164891935194393,-3.15508948910531
216,DMV_gp3-034,1.0709721593209474,0.0015410408143440347,1.2912966181963288,0.001560652539345013,no,-2.81218585887427,-2.8066937766569686
217,DMV_gp3-036,1.275834069771115,0.0008886445967439986,1.275574859657567,0.0009661083605090205,no,-3.051271895423501,-3.0149741595763953
218,DMV_gp3-042,1.2878680306266819,0.0033586765153853513,1.0423570999819065,0.003413155420037627,no,-2.4738318224007605,-2.4668439354166694
219,DMV_gp3-043,1.145675456085847,0.004466609487834496,1.0064770035666406,0.004432972088388335,no,-2.3500220158944605,-2.353305003168766
220,DMV_gp3-044,1.0767812742502973,0.004468396991333693,1.1274224953121097,0.004867994295302684,no,-2.349848249279237,-2.3126499393819926
221,E5,1.9323437646095845,0.0012059690274587138,1.6948234560724607,0.0007429774973127931,yes,-2.918663845907726,-3.129024339591882
222,EMSV_gp4-019,0.7595521901681151,0.0020832714889042316,0.9583156754761111,0.002490854783937399,no,-2.681254129740207,-2.6036515909592843
223,EXJ02_gp1-005,1.3140510715761953,5.890249625927653e-05,0.8183762839353871,4.650445475337194e-05,no,-4.229866299632986,-4.332505443193023
224,EXJ17_gp1-003,0.7371230112003366,0.0028537067768620015,0.8804840190450607,0.003078741999055654,no,-2.544590653412346,-2.511626703783127
225,EXJ81_gp1-062,1.0844018561593476,0.0011005701604167352,1.070219866572976,0.0009993931790977073,no,-2.958382266322275,-3.0002636189622094
226,EXJ81_gp1-064,0.7963878509973428,0.0008341257400184687,1.101202696868113,0.0008667819358593814,no,-3.0787684768442505,-3.0620901481578713
227,EXJ84_gp1-117,0.8476146128663752,0.0002599328005083319,0.6239198376628118,0.0002708611044698626,no,-3.585138914108251,-3.567253354977541
228,EXK43_gp1-063,0.7052526888953548,0.0017789702979693854,0.7165108383315277,0.0018962728885930909,no,-2.7498313029198314,-2.7220991641064995
229,EXK43_gp1-090,0.6013571619954238,0.0005172907447856767,0.9507423569938617,0.0006641122784244713,no,-3.2862652917909307,-3.1777584902434635
230,EXK46_gp3-043,1.1409960036147588,0.00042442568204164395,1.2780375971748505,0.0004468086157630338,no,-3.3721983447718484,-3.3498784610213646
231,EXK67_gp3-029,0.8627606560141593,0.0012597430910595779,1.174612155341537,0.0014108614265688436,no,-2.8997180148121853,-2.8505156401307588
232,EXK67_gp3-031,1.1358129117100724,0.0009729551784561566,1.1055774008193637,0.0009091375746980161,no,-3.011907166101148,-3.041370392453159
233,EXL25_gp1-029,1.364463071415057,0.0016052419816902186,1.3847665485787508,0.001474753191655796,no,-2.7944594907410982,-2.8312806552591705
234,EXL25_gp1-030,1.030317412468743,0.0018887528045451107,0.9597023911810179,0.0018091477543836106,no,-2.723824877783263,-2.7425259625525427
235,EXL25_gp1-182,0.7971089520046116,0.0005811514352748706,0.8342800197503166,0.0006315817900021004,no,-3.2357106852779736,-3.199570400221078
236,EXL25_gp1-405,0.6365939627113848,0.00349729315578742,0.6596721368792251,0.003752905726946284,no,-2.4562679620274372,-2.42563234493444
237,EXL28_gp1-291,0.6698361040333333,0.0007166612243569057,1.1312462167703383,0.0009460054615767032,no,-3.1446860928143905,-3.0241063562770893
238,EXL51_gp1-015,0.7980662746652487,0.0019703821310084724,0.7325200136094934,0.0017835382452371876,no,-2.7054495396787006,-2.748717573447924
239,EXL51_gp1-016,0.9559389297522749,0.0018376174365859195,1.0098262098725777,0.0017243799019438673,no,-2.7357448969068914,-2.7633670475936896
240,EXL51_gp1-368,1.0456863286536833,0.005555794953345627,1.0908507258871916,0.005387426047827776,no,-2.2552537910614547,-2.2686186782680107
241,EXL60_gp1-275,0.6585669856662453,0.0020728443851589116,0.7853971206195239,0.002250600625965802,no,-2.683433300512769,-2.6477015646740867
242,EXL68_gp1-004,0.9283729778008375,0.0038328118185475407,0.9315640226747666,0.004114569325186417,no,-2.4164825029926194,-2.385675615976251
243,F7,0.7573609510697259,0.0021636453069574426,0.6708718266132143,0.002006103360808678,yes,-2.664813932963199,-2.697646694509807
244,FK852_gp02-019,1.0968128164128637,0.0017205997967991557,1.0572367207434228,0.0017530821647721853,no,-2.7643201327249804,-2.7561977285890755
245,FK852_gp02-020,1.1084501598534788,0.0034025341905263803,1.0579442684681022,0.003511708656266792,no,-2.468197502073978,-2.4544815218730447
246,FK852_gp02-021,0.9920439070265737,0.0017690964691166743,1.0005002913041992,0.001740616858773816,no,-2.752248484296197,-2.759296814426824
247,FK878_gp1-003,0.6815572755868403,0.0014454732165476434,0.7410791097692345,0.0015929378704633312,no,-2.8399899510450903,-2.797801162705543
248,FK890_gp1-003,0.6405448962501906,0.0029302502302740742,0.8818163765606071,0.0032917271215149335,no,-2.533095291254429,-2.4825761742289902
249,FK892_gp1-005,0.7456861580524395,0.0004937340022426785,0.7261442913259003,0.00048105520531377323,no,-3.3065069629609978,-3.3178050816565237
250,FK897_gp1-017,0.7572034539705521,0.0013804208570589844,1.0678474638922781,0.001595691175570384,no,-2.85998848748748,-2.797051156671661
251,FK897_gp1-018,1.2558399099116317,0.00030117305981125026,1.5116406791140395,0.0003098033993059182,no,-3.5211838787481837,-3.5089138212711215
252,FK916_gp1-142,0.6878713149628813,0.0020216451777890347,0.726917451616899,0.002230761742591695,no,-2.6942950657828137,-2.6515468122366856
253,FK978_gp7-015,0.7279916752475574,0.0009140526821968801,1.0141506538861902,0.0011193128172877688,no,-3.039028772616229,-2.9510485230906833
254,FLA13_gp01-078,1.0605846618630295,0.001189775096948125,1.1019200512601166,0.0012019685452618277,no,-2.924535125486022,-2.9201068973898194
255,FLA58_gp4-001,0.8525383133682449,0.0018102516092053452,0.9697334735426516,0.002037766369539786,no,-2.7422610577854214,-2.6908456094541826
256,FoMVgp5-011,0.8817107811889482,0.000581619590953232,1.1885683101739333,0.0006710898324628929,no,-3.235360973367057,-3.173219341035758
257,G357_gp1-117,0.6714083863598191,0.0021105309172669965,0.7540644523897714,0.0021271167777398977,no,-2.6756082814626154,-2.672208666874008
258,GBNVsLgp1-043,0.7076654507780794,0.0007452187207369451,1.097573013783817,0.0008726091363941713,no,-3.1277162436702795,-3.059180244174318
259,GBNVsLgp1-044,0.6404205037227505,0.000944780718540231,0.7689629161128743,0.0010616819925812382,no,-3.0246689785582044,-2.9740055487433446
260,GLRaV-7-Alb_gp07-015,0.6354950844871593,0.0016208400777010747,0.6453159573764601,0.0016447414946350717,no,-2.7902598332688187,-2.7839023507691145
261,GLRaV2_gp1-184,1.5744066574336208,0.00046653841329059924,1.605849922972541,0.00045459707473024494,no,-3.331112592017544,-3.3423733632274146
262,GLRaV2_gp1-185,1.410380713994967,0.0010965695573471022,1.4207774807277367,0.0011801684034552999,no,-2.9599638150453575,-2.928056016869279
263,GLRaV3gp01-226,0.9955161601339955,0.0004707305345922891,1.1356029860822816,0.0005342731985473562,no,-3.32722762966274,-3.272236611358802
264,GV77_gp3-033,0.7184389986766715,0.00260137086622526,0.7756196097760425,0.0027154565909579425,no,-2.5847977278989265,-2.5661571354079453
265,GV77_gp3-034,1.33118218478162,0.0006949771045273526,1.3449437017131873,0.0007301727427395816,no,-3.158029502663437,-3.136574383244328
266,GV77_gp3-035,1.6145391763980668,0.0027195163356008027,1.5807723286555937,0.0026601830480211487,no,-2.5655083281192717,-2.575088478402637
267,GV77_gp3-036,1.1747585374128082,0.002501526027912931,1.197492321381095,0.002693562157880625,no,-2.6017949740037762,-2.5696729980229502
268,GV77_gp3-037,0.7779127733369657,0.0008568525702225538,1.0803638781283125,0.0009217348884754908,no,-3.067093896217771,-3.035393973771214
269,GV77_gp3-086,0.7923619911970793,0.0004563879469915837,0.8135840175437783,0.000494538857036669,no,-3.3406658336319257,-3.305799579226312
270,GarLVgp1-065,0.7080586083200341,0.0008121224231354876,0.7824752439885643,0.0009272980734520702,no,-3.090378498240814,-3.0327806425032446
271,Grslavgp1-183,0.9346434088066736,0.0014705621049470967,1.0159638483370637,0.0015231623300791153,no,-2.8325166295953506,-2.8172538095327844
272,Grslavgp1-184,1.477409536483381,0.01404935190762267,1.3508965207594026,0.013329108330071799,no,-1.8523437091706478,-1.8751989023702325
273,Grslavgp1-185,1.1503699324740555,0.019337042615892204,1.0207550121051572,0.01884825928319248,no,-1.7136099456516372,-1.7247287525463655
274,Grslavgp1-310,0.8265121599449726,0.0005876417753612433,0.9977370337291902,0.0005948459109025187,no,-3.2308873378580105,-3.2255955195008714
275,GvPGV_gp1-063,0.7657874963888667,0.000533569794510513,1.081849017869494,0.0006228504183269946,no,-3.272808763890437,-3.2056162395288617
276,GvPGV_gp1-132,1.0840711838975223,0.0008209961012207904,1.1244191624063211,0.0008161475234454302,no,-3.0856589052707144,-3.0882313328790265
277,H658_gp4-016,0.9956467786173342,0.005680154125361238,0.9310165471527675,0.006097722190684936,no,-2.2456398799781043,-2.2148323657694107
278,H7,0.7755723392053997,0.0004886906887985135,0.8121037474505393,0.000489258545872458,yes,-3.3109659356637646,-3.3104615797878196
279,H8,0.9511853382360207,0.0014327904536247645,0.8021794176991406,0.0012314439965106195,yes,-2.8438173207602944,-2.9095853341776623
280,HT28_gp1-405,1.3900262043108609,0.002262511274305925,1.14845163719558,0.0021168767457321602,no,-2.6454092479872227,-2.6743044278599952
281,HYVMVSDB_gp1-006,0.7818248040956429,0.00029949195532986197,0.8084881319053719,0.00029381159978002225,no,-3.52361483872633,-3.5319310621161906
282,HdRSV_gp5-013,0.9627273743404909,0.0010290700204488273,1.0278760180402031,0.0010611351032106594,no,-2.9875550737701673,-2.97422931841392
283,IYMV_gp3-071,1.6402780756819704,0.03285165433980846,1.3632849313809614,0.0292768549742549,no,-1.483442755402241,-1.5334755785933971
284,IYMV_gp3-096,1.7566098407849002,0.0011927117098396642,1.5766417010787195,0.0011637805805920882,no,-2.9234645168962796,-2.9341288939307693
285,IYMV_gp3-097,1.606974955031173,0.0007134692538226242,1.5416243946498303,0.0005988438607839926,no,-3.1466247375919187,-3.222686398377643
286,K927_gp1-001,0.9866987671719815,0.00039846432169615356,1.015394145092491,0.00046723210501603535,no,-3.3996105590462027,-3.330467323104006
287,KLCV-India_gp5-009,1.4978014829861144,0.008701843671540699,1.3783575201623266,0.008521158716007855,no,-2.06038872306549,-2.0695013454032183
288,KM621_gp06-000,0.7417755084594473,0.0007404094851319609,0.6688788121194422,0.0007758474343100061,no,-3.1305280262858477,-3.110223671720581
289,KM632_gp7-157,1.2422626699773505,0.001304834994807196,1.3233279896660908,0.0011980648866511433,no,-2.8844444043222732,-2.9215196601174744
290,KM649_gp6-005,1.1290730304984984,0.0007775214625438749,1.1524177000868552,0.0007852388448806384,no,-3.109287613959359,-3.1049982244820775
291,KM649_gp6-006,1.0193971068790733,0.0028430668750810627,0.9768738700719498,0.0029596898405568556,no,-2.5462129246440295,-2.528753798262806
292,KM659_gp2-038,1.1386180291703645,0.00020345620185510945,1.4115546893671225,0.0001872813220420668,no,-3.6915290672243115,-3.7275055335620304
293,KM660_gp1-221,0.6417358283303197,0.0008136332891883808,0.8457344660360792,0.000959111948216441,no,-3.0895712908927577,-3.018130698715513
294,KM661_gp1-279,0.9333135423401934,0.0021891385116245715,0.976120907298013,0.0025072614650547688,no,-2.6597267587924494,-2.6008003740954457
295,KM661_gp1-280,1.0557147408395353,0.0003711836135298268,1.02509381885737,0.0003825208273387658,no,-3.430411204626283,-3.4173449135769007
296,KM661_gp1-281,1.288487036988478,0.0013011110291838673,1.0025635190726523,0.0011389631181202967,no,-2.8856856417132435,-2.943490339007972
297,KM669_gp7-175,0.9154870990508432,0.011236140596938922,0.7879108311672629,0.010993268395312306,no,-1.9493828351439446,-1.9588731688120866
298,KM671_gp1-180,0.9441187296545576,0.0006468421888703861,0.993894838451068,0.0007246849907796338,no,-3.189201661931879,-3.139850733423111
299,KM671_gp1-218,1.4036361414035319,0.0034776944567069313,1.2518859994661733,0.003700498638641491,no,-2.4587085769035144,-2.4317397512250456
300,KM671_gp1-220,1.1797997655322285,0.001860259147575757,0.9097657948872824,0.0017895163118052408,no,-2.7304265512000816,-2.7472643385733795
301,KM676_gp2-018,1.259462120032727,0.0028668576954632417,41.692516746340345,0.0019255974738086193,no,-2.542593863945353,-2.715434492483596
302,KM701_gp1-071,0.6423230505292349,0.00012169919657037662,0.574515076718967,0.00010975503919895568,no,-3.9147122888710344,-3.9595755308028475
303,KM705_gp1-007,1.0588732426875491,0.0005103960884316284,1.0691560793557722,0.0005229771043067764,no,-3.292092662615791,-3.281517323926002
304,KM718_gp3-038,0.8472844272624119,0.001162898705049474,0.8913636874837201,0.0012385724165823043,no,-2.9344581130909577,-2.9070785961006185
305,KM720_gp1-002,0.9243227682177139,0.001341074500273073,1.156678533785092,0.0011466007110542446,no,-2.872547095258935,-2.940587793237395
306,KM723_gp3-000,1.2439983331785749,0.0005500190826638441,0.9002685291524223,0.0005604295970643582,no,-3.259622242593319,-3.2514789370866364
307,KM735_gp4-019,0.8273830792951943,0.0018133584605253793,1.0439870496302956,0.002084591414613842,no,-2.7415163370847666,-2.6809790552069797
308,KM740_gp5-015,0.6410879792733186,0.0005728735916893004,0.8888144671315534,0.0006314309239688373,no,-3.2419411973837575,-3.1996741525987695
309,KM741_gp1-221,0.8904069305914682,0.00041193443735082193,0.852392155789555,0.00038227567003471316,no,-3.3851718998953335,-3.4176233418080986
310,KM756_gp1-303,0.5753391455332507,0.0006704414910205081,0.711959384580894,0.0006761249863230512,no,-3.173639116747006,-3.169973014334976
311,KM760_gp3-055,0.9095660256523098,0.000629328910538961,0.8884825910044019,0.0005956756740854661,no,-3.201122316879339,-3.2249901350466357
312,KTSVgp3-035,0.8869150071769258,0.0007593697901055936,1.1763746176460155,0.000882641727606172,no,-3.1195466843247592,-3.0542155447783244
313,KTSVgp3-036,0.6443756929957679,0.001863365998895791,0.997048661038281,0.0021546498288104263,no,-2.7297018334079213,-2.6666233008036704
314,KTSVgp3-037,0.8839397038747627,0.00037226888351148254,0.9325579361829235,0.00039536329842029306,no,-3.429143263228352,-3.403003648713149
315,KTSVgp3-038,0.6921471048609321,0.00046696400936183677,0.7621196917483279,0.0005532446022301998,no,-3.3307165908212335,-3.257082814604635
316,KTSVgp3-079,0.6786007996581096,0.00047877430033867874,0.9867049533426927,0.0006442168202878909,no,-3.319869169712263,-3.190967940083156
317,KTSVgp3-080,0.9220518633989209,0.0001682381269602024,0.6392590962213688,0.00017366566254006576,no,-3.774075575410755,-3.760286042482917
318,KTSVgp3-081,0.7871026200010728,0.00022816205379044905,0.7644732249105511,0.00023312573789991239,no,-3.641756582528419,-3.6324097761969294
319,LChV-2p10-006,1.1539975116794985,0.0021448978000194285,1.304929830153678,0.0021469745193681625,no,-2.6685933962275183,-2.6681731098084973
320,LLDV_gp4-045,0.6969401364815596,0.00034594576650544024,0.7602535453754424,0.00037725937442871277,no,-3.4609919796856534,-3.42335995973772
321,LMVgp1-003,0.7210114025180657,0.0009960012057136699,0.6623399830019071,0.00106319065291387,no,-3.001740135838875,-2.9733888501670664
322,LMVgp1-004,0.8071241571969866,0.0036253550136227984,0.8120480844109825,0.0038946255069428736,no,-2.440649458635592,-2.409534296165337
323,LMoVgp1-116,1.0907246003097575,0.001734303990293005,1.0180071518868576,0.0018109392885286109,no,-2.76087477667773,-2.7420961091000646
324,LNRSV_gp1-074,1.0256939904845797,0.0008910066549393669,0.8857645664523388,0.0009017451390681209,no,-3.0501190522003294,-3.0449161901036743
325,LNYV_gp5-012,0.6738402695400951,0.0005238023646756112,0.8119945354407291,0.0005633526264588321,no,-3.2808325453089324,-3.2492196765773524
326,LNYV_gp6-059,0.9487742545052534,0.001637629842711396,0.939418559940762,0.0018066207483264526,no,-2.785784256076625,-2.7431330063741917
327,LVX_gp1-105,0.8085212437183675,0.00017883546913401732,0.817683925456363,0.00017632467637632913,no,-3.7475463416837917,-3.7536869045802184
328,LeYMV_gp2-023,1.1100712543566331,0.002193862628015308,0.9144592951538325,0.0021599678564829528,no,-2.6587905699074916,-2.6655527117453435
329,LuMV_pp1-002,0.7525815476931613,0.0005703838546725607,0.8811371079329465,0.0005931486680283081,no,-3.2438327761538295,-3.226836440510591
330,LyspVgp1-182,0.7626024731654719,0.0018468315915282122,0.8815613531472872,0.0020287709823064693,no,-2.733572705103661,-2.6927669755069097
331,M-1,0.945563034039134,0.0004774549525178423,0.7074746334775864,0.00037663705204150216,no,-3.3210675974746082,-3.424076958069664
332,M-2,0.8347131481591733,0.0012372290588911117,0.7365283867893286,0.001147788781066192,no,-2.9075498882422064,-2.9401380245314352
333,M-3,0.8526473531693514,0.001615392447989234,0.8221692927303836,0.0014128415432554228,no,-2.791721951790378,-2.8499065435645434
334,M522_gp2-064,0.9014644485015415,0.000778734411346902,0.845189592046832,0.0008052097360338504,no,-3.108610633923505,-3.0940909825660285
335,M522_gp2-083,1.152278903962308,0.00030296056331044794,1.0841371033698912,0.00034503061807286824,no,-3.5186139003799957,-3.462142363854044
336,M699_gp1-055,0.8884141903935364,0.0007753509225805634,1.0254379229560986,0.0008569567854431175,no,-3.1105016920146373,-3.0670410780964
337,M699_gp3-026,1.0883999248119522,0.0016348847480519137,0.9397078745635529,0.001417876697115581,no,-2.7865128577127507,-2.848361535084309
338,M699_gp3-027,1.2846551803858968,0.006144096402617288,1.1398887038293868,0.005765666051472699,no,-2.2115419787193384,-2.2391505156423492
339,MCDVgp1-044,0.967413052400533,0.0007700309716900942,0.936007378817056,0.0007251564471335812,no,-3.1134918065631103,-3.1395682875020055
340,MVX_gp1-107,0.8298096625569694,0.0017717990041690326,1.0103214198569614,0.001907908431408513,no,-2.7515855467442996,-2.7194424727599604
341,MVX_gp2-004,1.1243157471209375,0.00044342854662240044,0.9391794989321836,0.00042557422158124274,no,-3.3531763517233006,-3.3710246865496702
342,MWMV_gp1-119,1.0672298868049654,0.0001413617350615513,0.9013473176199015,0.0001323472276801153,no,-3.849668132976157,-3.878285151573349
343,MWMV_gp1-265,0.7627875565456286,0.0008121649827426113,0.7845620187281437,0.0007915375017693757,no,-3.0903557394575305,-3.10152850414253
344,MYVYVgp4-010,1.109884140023117,0.0011427892906834998,1.2345431059327752,0.0012063625184806177,no,-2.9420338381342837,-2.9185221647351733
345,NDegV_gp1-003,0.5258894225075007,0.0004721988410380586,0.6447735745436185,0.0005033268034742486,no,-3.3258750831856982,-3.2981499416652285
346,NH2,0.9894559636735346,0.009419419927450766,0.9825299716295958,0.009313393973181074,yes,-2.0259758413752857,-2.030892025225087
347,NH20,1.968258924891413,0.00927676012437194,1.6509981031764585,0.007044312258140533,yes,-2.0326036731113213,-2.1521614010037906
348,NH28,1.062071122677307,0.0016733373530882262,0.9071854182251909,0.0014634382391610582,yes,-2.7764164942946,-2.834625601182037
349,NH31,1.484649627051852,0.0013031964499329314,1.3949747960147578,0.0011940103620071956,yes,-2.8849901117694046,-2.9229919042426467
350,NH32,0.9741624038740224,0.0006200721959895444,1.1118437977505313,0.0005724988797254117,yes,-3.2075577419622507,-3.242225358821346
351,NH39,1.6238685037533314,0.00074958108046713,1.3462130156585785,0.0006453671737915225,yes,-3.1251813836363125,-3.1901931284948115
352,NH44,1.8694291133729786,0.0008903257012253869,1.6650537964086394,0.0007654188197606895,yes,-3.0504510895697683,-3.1161008637502228
353,NH45,1.15911808211489,0.0030352022214412532,1.209379508237357,0.002794529250642001,yes,-2.5178123685984923,-2.553691340216647
354,NH64,1.5232021935043838,0.0007041912594696456,0.2223185082545478,0.0002560008001934404,yes,-3.1523093697623694,-3.5917586771918515
355,NH68,1.1917105201530003,0.0017966963743364292,1.2157020877323506,0.001885542541977248,yes,-2.745525308584658,-2.724563664511323
356,NH72,0.55478364714597,0.008879721549514432,0.4467890031819173,0.009673303753784522,yes,-2.0516006526229082,-2.014425174624954
357,NH8,0.9456405371223401,0.001982383940217371,1.0553425304898936,0.001972705392695044,yes,-2.702812229280778,-2.7049377682096742
358,NH80,0.72417980937535,0.0005048207798984166,0.9498955057432243,0.000588603828776255,yes,-3.2968627765660714,-3.2301769172092385
359,NH92,0.9053030761476615,0.0014235975784860336,0.9441129675589679,0.0012869815550056237,yes,-2.8466127593946933,-2.890427677350998
360,NH93,1.5195619678280292,0.0004988837147046529,0.9980149133152745,0.00036106013410707995,yes,-3.3020006727081253,-3.442420460875582
361,NH96,1.7076819097904326,0.0016605694709510997,1.3991402962089738,0.0014630233575695843,yes,-2.779742950707211,-2.8347487401886986
362,NI67_gp1-286,0.5970201142452991,0.00034626496355886837,1.0338366281743052,0.0004212179648707687,no,-3.460591449839037,-3.375493114509669
363,NMVgp1-134,0.6276014122772814,0.00023767412598260822,0.8098916750558275,0.0002561893827350194,no,-3.624018094479652,-3.5914388726988267
364,OIE86_gp3-033,1.5338246748927507,0.0009165849788207436,1.2514040620780773,0.000804738279679903,no,-3.03782726433836,-3.0943453397214546
365,OIE86_gp3-034,0.7663803529552523,0.0010985911386854805,0.7629032957384468,0.0011047165285695572,no,-2.959163908350814,-2.956749148107156
366,OIE86_gp3-035,1.2059376034475355,0.0025671955017048846,1.4303730681428555,0.0024834812065616615,no,-2.590541056892008,-2.6049391221263574
367,OIE86_gp3-036,1.1465176719596193,0.0021294699424370673,1.126716431014452,0.0020118551283268365,no,-2.6717284856328942,-2.6964032956009407
368,ONMVp1-185,1.0006646149245046,0.0007012546465781065,0.9055781299473671,0.0007354530539037925,no,-3.1541242480508687,-3.1334450443249517
369,P12-1,1.183167140299751,0.0005576159725354344,0.9520318203011967,0.00038827259485692413,no,-3.2536647946578046,-3.4108632618424024
370,P12-2,5.825310477813607,0.0007094686507529912,0.7962897672601434,0.0010359781921640257,no,-3.1490667899257203,-2.9846493866009305
371,P2-1,0.8681507595824902,0.0013403297071484075,0.658000001933853,0.0011632902659839829,no,-2.872788356573902,-2.934311905919563
372,P2-2,0.7061704898093232,0.0027141538251032097,0.8902256497340324,0.0025287598747947703,no,-2.5663655422693683,-2.5970924083000297
373,P8-1,0.7787804168796756,0.0004528554996003121,0.9986222181756567,0.0005034588112533539,no,-3.3440403536989285,-3.2980360539625764
374,P8-2,0.6615088253829242,0.001023196794665749,0.8381471468698236,0.0009684467840245996,no,-2.990040829027016,-3.0139242386923537
375,P8-3,0.845534390886918,0.0203569197612023,0.756000048840399,0.018915168368944694,no,-1.6912879351719583,-1.7231897885833352
376,P8-4,0.6955839981598062,0.001763074284708663,0.67838523256773,0.0015035686040090611,no,-2.7537293889148544,-2.822876751359379
377,PAMVgp6-015,0.8972166799126986,0.0024735430862290624,0.7608327305792462,0.0021514062090952682,no,-2.6066805203317163,-2.667277582307544
378,PBCoV_gp3-040,0.8659068549267539,0.0025440005158224384,1.001602854092404,0.002913109952786852,no,-2.594482804965913,-2.5356431229976635
379,PBCoV_gp3-041,0.8619999516278573,0.00027787167491099456,1.1108106162547708,0.0003356392075022359,no,-3.556155721149262,-3.4741273130182577
380,PBCoV_gp3-042,0.8863683876633138,8.499153542613817e-05,1.0935257802899936,9.287690172763861e-05,no,-4.070624324883023,-4.032092280619105
381,PI36_gp2-091,1.113400503369948,0.002129682740472686,1.114183344257846,0.0022566352672963286,no,-2.6716850887323433,-2.6465386288712143
382,PLRVgp2-084,0.9526731572730922,0.001709278941304237,0.9495501598134074,0.0018147297976143478,no,-2.7671870579440454,-2.7411880296586206
383,PRSVgp1-139,0.6817239089317122,0.00010484559214936976,0.4716692079881673,8.337234163205895e-05,no,-3.9794498231427977,-4.078978000546862
384,PSbMVgp1-002,0.7655685678500174,0.001514079303231136,0.8579420762824049,0.0016470044851340194,no,-2.819851377112232,-2.7833052181548945
385,PTVgp1-116,0.8872882853842335,0.0020104520011154873,0.7627592251799536,0.0019164135040337239,no,-2.6967062910761266,-2.7175107775411584
386,PVBV_gp3-014,1.1690675019051373,0.0057326939603555135,1.317698287328428,0.004351296989630487,no,-2.241641242400541,-2.361381273738787
387,PVCVgp1-113,0.6300737268124608,0.0014269172278416863,1.0325760828863808,0.0015004004173105347,no,-2.8456012185701507,-2.8237928237297676
388,PVVgp1-115,1.1449028836432655,0.0010407739124078598,1.0937274776886117,0.0010631152198972383,no,-2.9826436021491065,-2.9734196643065647
389,PVVgp1-116,0.9048103201098072,0.0007915874126982759,0.9244723067348599,0.0007986470635869025,no,-3.101501120275575,-3.0976451007860106
390,PVX_gp1-042,1.0268475965820885,0.000675846561125225,1.0232262103117018,0.0006590771245643131,no,-3.170151891662648,-3.1810637617142437
391,PYFVgp1-148,0.9591708683435173,0.0032463617121857623,0.961168248437778,0.003433616625798944,no,-2.4886030923796376,-2.464248196826428
392,PafMV_gp1-053,0.5921004413432669,0.0013062820214494036,0.6505537749904823,0.0014829376739603228,no,-2.8839630503681617,-2.8288771014489726
393,PcMV_gp1-076,0.9308814917891465,0.0008044616938532117,1.098596859344578,0.0009964701497032333,no,-3.0944946309238697,-3.0015357065102464
394,PenMV_gp1-271,0.7736679098346844,0.00016925955753117252,0.6948808431952782,0.0001710255069579603,no,-3.7714467987677454,-3.7669391135552566
395,PepMVgp2-014,0.8786488401403189,0.00740524396071195,0.8841247245852402,0.007677327275458634,no,-2.1304606293715715,-2.114789945534066
396,PhVB_ORF2-005,0.8094272632268587,0.0023933607864079086,1.2885785713614393,0.002392791862316339,no,-2.6209918288685516,-2.621095076973194
397,PhVS_gp1-041,0.9761585712407254,0.001903797625663358,0.7980565166353563,0.0018166721977926111,no,-2.72037921914949,-2.740723430167523
398,PhVS_gp1-149,1.5142771232964323,0.0010236436705405485,1.1612510015152229,0.000988379958669496,no,-2.989851194580264,-3.005076069347954
399,PhVS_gp1-150,1.5027454445000978,0.000262869413399871,1.0892022276515594,0.00022939180357664895,no,-3.580259943998024,-3.6394221039806416
400,PlPVgp1-221,0.6882384124728337,0.0013810166915587169,0.6824701916921305,0.0014924610923100603,no,-2.85980107232069,-2.8260969818838837
401,PnCV_gp3-031,1.4195122247523193,0.001097995304185748,1.3644027359586293,0.001151447282372824,no,-2.9593995172361804,-2.938755940894438
402,PoLV_gp1-041,0.6236543746287168,0.0007167463435711532,0.9419100566415256,0.0008382871138268003,no,-3.1446345138972394,-3.0766072097770194
403,PoLV_gp1-129,1.3532387687399074,0.0007927578018941792,0.784272948398028,0.0006142133379226781,no,-3.10085947518808,-3.211680756887863
404,PoLV_gp5-020,0.7470561098949314,0.0019618489297801595,0.941436877092387,0.0019266723942956195,no,-2.707334438081895,-2.7151921252226883
405,PopMVgp1-042,1.1858692112312343,0.0016716988082139616,1.0480370853539969,0.00167344375746339,no,-2.7768419671563844,-2.7763888792032794
406,RCVMV_gp1-066,0.8466247000301738,0.00539011040281285,0.872102520344004,0.005574085047482633,no,-2.268402339295383,-2.2538264092555402
407,RCVMV_gp1-067,0.8168251759159295,0.0042422990784887465,0.840165748820286,0.004434065867129493,no,-2.3723987173473424,-2.3531978598190926
408,RM56_gp2-087,1.103223912103961,0.0012782139605512874,0.8998613810177859,0.0011604426696061405,no,-2.893396443431745,-2.9353763105193296
409,RTBVgp3-034,0.6430770293000944,0.0007270670482986638,0.7934479938638521,0.0008998970301606471,no,-3.1384255377469286,-3.045807181440023
410,RTBVgp3-035,0.690066345148454,0.0010479026466010887,0.6624395235878017,0.0010664908473915018,no,-2.979679062779634,-2.9720428673073065
411,RTBVgp3-078,0.6466073187109994,0.00042327657264930253,0.7735815788165172,0.000483827368674984,no,-3.3733757680265612,-3.315309568532352
412,RTBVgp3-079,0.7596663610552044,0.004107278724888635,0.8724004136563664,0.004591570005856242,no,-2.3864458243989026,-2.3380387897798944
413,RTBVgp3-080,0.9065092690324333,0.0008997739340068604,0.9045299551355737,0.0009268454753522807,no,-3.0458665922784274,-3.03299266585094
414,RYMVgp5-073,0.872401370645589,0.0012540613835085566,1.1183362064496531,0.0012359134027460409,no,-2.901681205238478,-2.9080119580717048
415,RYSVgp6-004,1.358359334195153,0.0016291817606973306,1.077794140056816,0.0013288091627278373,no,-2.7880304606489195,-2.8765373858934926
416,RYSVgp7-158,0.9809086452277889,0.0007430907403807574,0.9798384271242898,0.0007886333306290597,no,-3.1289581503841744,-3.103124871946559
417,Rep-1,0.7917249418129222,0.0008840268793710712,0.7872053044265199,0.0008164492555119566,no,-3.053534529800207,-3.088070802643163
418,Rep-2,0.6930090221132879,0.002375187834166065,0.7667342167485536,0.0023480412251996514,no,-2.6243020398849306,-2.6292942823309176
419,Rep-3,1.0110589373248522,0.0014021262566920993,0.9620369977582474,0.0014156514231249493,no,-2.8532128778701704,-2.8490436701276374
420,RepA-1,1.4162709769215782,0.006181016861797145,1.3211426116023866,0.0053302289629668775,no,-2.208940071652396,-2.2732541352103226
421,RepA-2,0.9873633995123121,0.030712927682821974,0.7527677799697812,0.027714524050289836,no,-1.512678782844094,-1.5572925752749354
422,RgMVgp1-214,0.725286097344589,0.0028044227518126933,0.7876998362634864,0.0030551880396124417,no,-2.552156518187368,-2.514962054798553
423,RgMVgp1-215,0.7787221840708992,0.0030358406155481096,0.8565375316820504,0.0029907871016632264,no,-2.5177210330417013,-2.524214500998665
424,RgMVgp1-216,0.7002739517005766,0.0008022911538899002,0.918727672154079,0.0008771539756462243,no,-3.095667996327958,-3.056924163870094
425,RuFDV_gp6-029,0.73352216966955,0.0017275370127603279,1.0117734446077102,0.0017314328889989205,no,-2.7625726390244614,-2.761594337208537
426,SCBaV_gp3-031,1.1146640360306543,0.0011926053108218548,1.0676667439425476,0.0012323114762018827,no,-2.9235032610178746,-2.9092795070265347
427,SCBaV_gp3-032,1.2199068196000207,0.002006706755688597,1.0545354679581798,0.0020541353341488396,no,-2.6975160872489976,-2.6873709468449447
428,SCBaV_gp3-033,1.2968339134375109,0.0008384668199450917,1.1942589473775995,0.0009175860725607537,no,-3.076514118746469,-3.0373531869288413
429,SCFAV_gp01-187,0.8820555434094409,0.001430981670322005,0.8283129916307244,0.0015114513542470618,no,-2.844365929153565,-2.820605825940377
430,SCFAV_gp01-188,0.6356908877838533,0.0008081856594765402,0.6484808763620373,0.0008739103559310662,no,-3.09248885998773,-3.0585331141861767
431,SCFAV_gp01-189,0.6986101964264402,0.0035862427346760677,0.761255022494778,0.003893833460268242,no,-2.445360318576768,-2.4096226272467067
432,SCFAV_gp01-190,0.8160586007815818,0.0050165008916769685,0.822835147103688,0.004867258823390526,no,-2.299599106222257,-2.3127155589174597
433,SCFAV_gp01-270,0.9956574476676042,0.0023951270101035442,0.9409466156779414,0.0023640518829797052,no,-2.620671451633732,-2.6263429963844653
434,SCFAV_gp01-272,0.9509698782722045,0.00139261418449994,0.761889380374652,0.0013996030488365797,no,-2.856169185622682,-2.8539951201392166
435,SCMoVgp2-037,1.1510365519138355,0.0016541642500789747,0.9080807643400992,0.001512677140767325,no,-2.781421369413861,-2.820253756012281
436,SD14_gp01-201,0.7029938898925896,0.001063287944576326,0.7845345513056388,0.0010082942750602342,no,-2.973349110070722,-2.996412698661111
437,SMYEVgp2-005,1.094171162928941,0.0032497026413449773,1.1921711846104388,0.0032061672224005583,no,-2.4881563765999775,-2.494013830119154
438,SPBVb_gp3-030,0.7824318522996985,0.00023814228166096953,1.0816123222695668,0.0002643738650395463,no,-3.623163489677776,-3.5777814797087606
439,SPBVb_gp3-031,1.17342245231975,0.0017737141864896018,1.2975380052539076,0.0017986437068176625,no,-2.751116360395338,-2.745054857492611
440,SPBVb_gp3-032,1.2553281455088439,0.0024342605688538366,1.16753638490354,0.0023365754066716504,no,-2.6136329357368027,-2.631420198729994
441,SPBVb_gp3-036,0.9099623433198457,0.0047810398652647955,1.1042641827295707,0.005058820969126436,no,-2.3204776350550285,-2.2959506899324644
442,SPBVb_gp3-037,0.8599923445366273,0.001783715694163684,1.032416594936431,0.0019463981281447789,no,-2.7486743664932356,-2.710768321738964
443,SPBVb_gp3-050,0.9552748629959038,9.156699472675828e-05,0.7032759775126517,8.514501752290118e-05,no,-4.0382610393351515,-4.069840760803212
444,SPBVb_gp5-004,0.8677785097867036,0.0004959683816166756,0.7256117968142679,0.00047664237384082553,no,-3.30454600924992,-3.3218073511896975
445,SPCV_gp1-073,0.691270221767715,0.00011752835507224865,1.1299822312619225,0.00015903165731353836,no,-3.9298573421940297,-3.798516415125633
446,SPCV_gp1-074,0.8763676651142552,0.00017253664727970164,0.46268571815918896,0.0001715535380743814,no,-3.7631186453967356,-3.7656003207419646
447,SPCV_gp1-075,0.6068767728456634,0.0007994822198197324,0.5876956740602644,0.0008207112209516411,no,-3.097191190354322,-3.0858096287626124
448,SPCV_gp1-076,0.5173620070728093,3.96655538393394e-05,0.2768120816951076,4.901260255637213e-05,no,-4.401586477399744,-4.309692235951723
449,SPCV_gp1-077,0.6946289596930358,4.930530485286984e-05,0.31073217204660525,5.0068664789214314e-05,no,-4.3071063516277315,-4.300433990035248
450,SPCV_gp1-078,0.4723214008732026,0.00037756755459839,0.8370731407015628,0.0004771704049572466,no,-3.4230053328705203,-3.321326499960485
451,SPCV_gp2-013,0.8025896841614893,0.0005585522838921569,0.8628264748778514,0.0006310349006315214,no,-3.2529361680397155,-3.1999466205775313
452,SPFMVgp02-047,0.6534467941686429,0.0010194941088459825,0.9262155874643212,0.0012133589307731971,no,-2.991615279452368,-2.916010708947293
453,SPFMVgp02-048,0.6016317247719931,0.003146899910337548,0.720663740811719,0.003359918568549886,no,-2.502117069949622,-2.473671248103606
454,SPVC_gp1-010,1.1365072656655604,0.0011154873027136112,0.7987434539848041,0.0009500788444748088,no,-2.952535368807125,-3.022240352290642
455,SPVC_gp1-151,1.1342241795028385,0.0002574430634915923,0.8294128325264584,0.00020223591758927848,no,-3.589318805246375,-3.6941417101418943
456,SVBVgp5-000,0.693322163761376,0.00011039962087901974,1.1448423442226703,0.00015084717500901142,no,-3.957032418005664,-3.821462818664239
457,SYSV_gp1-093,0.7268744783469371,0.001886795062617418,0.7705740413747365,0.002024131851783627,no,-2.724275268890622,-2.693761201003691
458,SYSV_gp1-095,0.7361208237719549,0.0006737611403761609,0.7964079720945932,0.0007185183416700018,no,-3.171494040856939,-3.1435621411214054
459,SYVV_sDNAAgp4-009,1.2585458181491938,0.0046632135929426805,1.2379075455907893,0.005258473305896082,no,-2.3313146917486143,-2.2791403263909604
460,SplcGvgp4-010,1.0884520176558752,0.001849321328544952,1.0690692295015993,0.001801604452720452,no,-2.7329876215128666,-2.7443405534553396
461,SrMVgp1-021,0.3840631540490686,0.000151129164896453,0.7370517108915843,0.00020704477239954198,no,-3.82065171745211,-3.6839357303714246
462,SrMVgp1-022,0.7725772626964126,0.00040516745981814494,0.8030602580406668,0.0004105253347632416,no,-3.3923654413692512,-3.3866600360881147
463,SuCMV_gp1-005,0.7000744429815484,0.0015135047485349653,1.0328790399351382,0.0016845701274165485,no,-2.8200162121310637,-2.7735109049463817
464,TCTV_gp4-009,0.8911427372924138,0.00018221895790035582,1.1328343338149214,0.00021800141806527966,no,-3.7394064413959245,-3.661540681368226
465,TCTV_gp5-017,0.7475188353424046,0.001250528936117285,0.8715658974507691,0.001494328059471692,no,-2.902906254632662,-2.825554048586227
466,TCTV_gp5-019,0.8516468067281994,0.00028653255496067864,1.095752795250064,0.0003017320665263386,no,-3.5428260276701775,-3.5203785327968116
467,TRoVgp1-009,0.8556557493794241,0.004502082920372146,0.8244754255320484,0.004268433820860691,no,-2.3465865103287418,-2.369731447628234
468,TRoVgp5-087,0.9009406353152227,0.0007490703651816449,1.1210071967438966,0.0005630320361381479,no,-3.125477384203409,-3.24946689338633
469,TRoVgp5-088,0.7217080597651683,0.0004085722283880453,1.5821047859482507,0.0004335701213441907,no,-3.388731156714157,-3.3629406540122138
470,TYLCVVSDB_gp1-005,0.6861756710868134,0.0016306075075359764,0.6529119101286814,0.0014941017604217972,no,-2.787650562457259,-2.8256198225442852
471,TYVgp2-080,1.2147627856029564,0.003166902925685712,1.4210020549446234,0.0033130558069675137,no,-2.4993652487484432,-2.479771248556943
472,TaBVgp3-029,0.7603294351202218,0.0006416711966048499,0.8062353689067041,0.0007089949233202642,no,-3.1926874549215656,-3.149356874523406
473,TaBVgp3-030,0.9720841402571475,0.0018981159181123367,1.2788472747262507,0.0020659406012516826,no,-2.721677268695188,-2.6848821692246587
474,TaBVgp3-031,0.697227374492114,0.00039356996687692176,0.7177301357728533,0.00041401411178245236,no,-3.4049780497662936,-3.382984855582485
475,TaBVgp3-036,0.8259895273383568,0.001735665897720965,0.9642456081915257,0.001985434714251624,no,-2.76053386944782,-2.702144388986108
476,TaBVgp3-076,0.5836507254950954,0.0015594478444250586,0.7706225426061333,0.0017575892875159225,no,-2.8070291455988357,-2.7550826030987547
477,TeMV_gp1-239,0.8492436986114743,0.0016852753228864393,0.8576954684926834,0.0017399191033699737,no,-2.773329138446865,-2.7594709435431226
478,TlcZvgp4-008,1.25326505026955,0.0008642153822549634,1.2838516804325109,0.0008375516419146424,no,-3.063378007905607,-3.0769884056557486
479,ToLCBDVgp4-008,1.2716977797819224,0.0022384225366738793,1.226200823377928,0.002035013064432733,no,-2.6500579303076464,-2.691432798334175
480,TriMVgp1-226,1.020640785067517,0.00042825604668278184,1.1313401398798992,0.000503081646170196,no,-3.3682964963778006,-3.298361526666312
481,TriMVgp1-227,0.9584864877935917,0.0006483317751197175,1.069472818537967,0.0007484652492727408,no,-3.188202692848766,-3.1258283588472375
482,TriMVgp1-229,0.6380438443598331,0.0030100282138275525,0.8549328082428456,0.0027384636610305758,no,-2.521429433624697,-2.562493017714422
483,UrSV_gp3-022,0.8260124322538385,0.0005397409375434574,0.867361715148009,0.0005799478901177807,no,-3.267814640902783,-3.2366110272146487
484,V187_gp1-186,1.1104874856279403,0.0059484711684729494,1.044928177142817,0.005894694226421025,no,-2.225594639046587,-2.2295387180026895
485,V187_gp1-187,0.7451199489254485,0.0007813731069885748,0.8371862403487722,0.0008515633247539591,no,-3.107141540241323,-3.069783051085247
486,VG84_gp1-117,0.5844375010521956,0.00020141334071316922,0.5428114792801477,0.00023868892287649175,no,-3.695911767117891,-3.6221677353511925
487,VG85_gp1-140,0.7792058030209875,0.0006303929007170549,0.8344038535488713,0.0006270180924958895,no,-3.2003886863763205,-3.2027199274982077
488,VVY_gp1-221,0.770294612573243,0.0019471233057153402,0.8130328233431998,0.0021116907258387388,no,-2.7106065449894143,-2.6753696874152078
489,WMV_gp1-235,0.6498918509882359,0.0003514146760208427,1.0851291651966282,0.00032777531551839324,no,-3.4541801051578136,-3.484423755883915
490,X950_gp2-003,0.6083694591496543,0.0012887900229215405,0.7302563157089526,0.0013255655430126792,no,-2.889817834636396,-2.8775987935702747
491,X950_gp2-004,0.6885120503235597,0.0006223065753635415,0.9851920456949462,0.0007235912120384759,no,-3.2059956101853575,-3.1405067162544196
492,X951_gp1-115,1.2485922463881607,0.00025448517079649136,1.0808874929088461,0.00023733112857712323,no,-3.5943375195311207,-3.624645295568355
493,X951_gp1-116,0.9401024744404601,0.0008759405540175577,0.8614947830580589,0.0008739480724393819,no,-3.0575253663640742,-3.0585143711676634
494,X951_gp1-276,1.1560683212509155,0.0001468093647733919,1.3851666615706095,0.00018226502643606642,no,-3.833246240471112,-3.7392966570881643
495,X991_gp5-009,0.8112470759470121,0.0033210112630808284,0.9941524703459076,0.0036025111500370623,no,-2.4787296515062343,-2.4433946663385187
496,X991_gp5-021,0.7753636540862316,0.0011225947571032783,0.8092611030324297,0.0011779997042271418,no,-2.9497769904135427,-2.9288548185918173
497,X991_gp5-022,0.7276732936741019,0.0004729010745556006,1.2876024663949706,0.0005982592549050979,no,-3.325229699152183,-3.2231105742471198
498,Z047_gp1-139,1.060383204284464,0.0005949194681794054,0.9793666311794096,0.0006102719628036777,no,-3.225541818964517,-3.2144765820003975
499,ZMMV_gp1-224,0.9060913533826084,0.002291728444596382,0.9131526531491663,0.0021670019852838484,no,-2.6398368448199725,-2.6641406908041203
