BhYVIV_gp5, MQHSSLSPNRSTPVPIKVQHREAKRAHMRKRVDLECGCSYYLSINCHNHGFSQRGTHHCSSFNEWRLYLEGSKSPLFQNPQPRQPSIHDEHGHHNNEDPIQLQPTESSGSAQVFSNLPNLDDLTPSDWSFLKGIQNPSIQVSQQSRCNLT, 0.8885, 0.9359, 0.9486, 0.9293, 0.9091, 0.8994, 0.8681, 0.8425, 0.8206, 0.7984, 0.7696, 0.7519, 0.7364, 0.7166, 0.7025, 0.7101, 0.6905, 0.6743, 0.6665, 0.6227, 0.5909, 0.5779, 0.559, 0.5378, 0.5347, 0.523, 0.5231, 0.5303, 0.5325, 0.5561, 0.5969, 0.6245, 0.6198, 0.6429, 0.6503, 0.6666, 0.6701, 0.663, 0.7148, 0.679, 0.6708, 0.6816, 0.7194, 0.7332, 0.7293, 0.7254, 0.7587, 0.7564, 0.7527, 0.7497, 0.7391, 0.7409, 0.7333, 0.719, 0.7018, 0.6916, 0.6733, 0.6622, 0.6398, 0.6412, 0.6384, 0.6263, 0.6273, 0.6411, 0.6381, 0.6607, 0.679, 0.689, 0.6984, 0.7099, 0.7147, 0.7219, 0.7322, 0.751, 0.7552, 0.7732, 0.7963, 0.8042, 0.8163, 0.8247, 0.8366, 0.8486, 0.8533, 0.8569, 0.8622, 0.8686, 0.884, 0.8893, 0.8971, 0.9018, 0.9119, 0.9144, 0.9154, 0.9183, 0.9249, 0.9262, 0.9268, 0.9339, 0.933, 0.9169, 0.9184, 0.9188, 0.9161, 0.924, 0.9178, 0.9195, 0.9164, 0.916, 0.9212, 0.9111, 0.9066, 0.8848, 0.8916, 0.8968, 0.8936, 0.902, 0.9071, 0.8888, 0.8989, 0.9077, 0.883, 0.8753, 0.8684, 0.8561, 0.8602, 0.8749, 0.868, 0.8614, 0.8713, 0.872, 0.8799, 0.8911, 0.9018, 0.9111, 0.9107, 0.9267, 0.9219, 0.9267, 0.9342, 0.9341, 0.9455, 0.939, 0.9367, 0.9274, 0.9094, 0.8943, 0.9097, 0.9319, 0.9673, 1.0
MYVYVgp4, MRSSSPSKDHCTQVPIKVQHREAKRRNRRKRVDLECGCSYYLSINCFNHGFTHRGTHHCSSSMEWRLYLGSSKSPLFQDPQPRQPSIHDEHGHHNNKDPIQLQPSESSGSAQVFSDIPNLDDLTPSDWSFLKGIQNPSPQVSKQYRCNFN, 0.8872, 0.9402, 0.925, 0.9131, 0.8918, 0.8597, 0.8688, 0.8488, 0.8762, 0.9017, 0.9005, 0.8793, 0.8842, 0.8778, 0.8719, 0.888, 0.8755, 0.8716, 0.8797, 0.8533, 0.8413, 0.8227, 0.8092, 0.7906, 0.7779, 0.7559, 0.7342, 0.7379, 0.7304, 0.7157, 0.7394, 0.7186, 0.7317, 0.7474, 0.7391, 0.7374, 0.7457, 0.7391, 0.7887, 0.755, 0.7385, 0.7447, 0.7635, 0.7675, 0.7728, 0.7758, 0.7895, 0.793, 0.805, 0.8159, 0.806, 0.8076, 0.8131, 0.8073, 0.8178, 0.8118, 0.799, 0.79, 0.7921, 0.8078, 0.811, 0.8091, 0.8004, 0.7934, 0.7819, 0.7887, 0.7986, 0.8006, 0.8036, 0.8053, 0.8088, 0.8161, 0.8259, 0.8383, 0.8414, 0.8555, 0.8637, 0.8603, 0.8656, 0.8681, 0.8726, 0.8739, 0.8747, 0.8751, 0.8774, 0.8819, 0.8965, 0.9013, 0.9048, 0.909, 0.9173, 0.914, 0.9151, 0.9208, 0.9273, 0.929, 0.9305, 0.9352, 0.9275, 0.9204, 0.9234, 0.9206, 0.9213, 0.9226, 0.9137, 0.9173, 0.9062, 0.904, 0.9084, 0.8936, 0.8932, 0.8744, 0.876, 0.8751, 0.8704, 0.8808, 0.8746, 0.8588, 0.8718, 0.8703, 0.8493, 0.8577, 0.8546, 0.8446, 0.8543, 0.8695, 0.8686, 0.8747, 0.8715, 0.8732, 0.8781, 0.885, 0.8924, 0.9016, 0.9024, 0.905, 0.8963, 0.8917, 0.893, 0.8903, 0.8905, 0.8957, 0.8907, 0.9001, 0.9181, 0.9098, 0.9197, 0.9379, 0.9761, 1.0
D1T88_gp4, MRNSTPSKHHSSPPSIKAQHRCAKKKAIRRKRIDLSCGCTYYMHINCSSHGFTHRGEHHCGSTKEWRLYLGDKKSPLFRDFGALPNTKRINDDGHQNAHQIQPRSEESTADAQVLPQPDNLPLFEDDFWDDIINF, 0.9301, 0.9457, 0.9449, 0.9406, 0.9337, 0.904, 0.8887, 0.8673, 0.8481, 0.8293, 0.8029, 0.7734, 0.7462, 0.7105, 0.7003, 0.6825, 0.6524, 0.6336, 0.6094, 0.5826, 0.5623, 0.5427, 0.5339, 0.52, 0.4903, 0.4569, 0.4389, 0.4276, 0.4039, 0.3872, 0.3625, 0.3484, 0.3289, 0.2919, 0.2561, 0.2346, 0.2206, 0.2032, 0.2026, 0.1818, 0.1839, 0.1881, 0.1866, 0.1869, 0.1919, 0.1851, 0.1841, 0.1866, 0.1855, 0.1848, 0.1843, 0.1759, 0.1785, 0.1772, 0.1794, 0.1735, 0.1648, 0.162, 0.1621, 0.1621, 0.1617, 0.1624, 0.1645, 0.1702, 0.1743, 0.1829, 0.1918, 0.1979, 0.2108, 0.222, 0.238, 0.246, 0.265, 0.2818, 0.302, 0.3249, 0.3476, 0.3795, 0.4131, 0.4362, 0.4571, 0.4847, 0.5059, 0.5289, 0.5627, 0.5969, 0.6206, 0.644, 0.6645, 0.6906, 0.7254, 0.7517, 0.7753, 0.7973, 0.8068, 0.8182, 0.8361, 0.8406, 0.856, 0.8591, 0.8731, 0.8749, 0.8862, 0.8826, 0.8875, 0.8886, 0.8926, 0.8961, 0.8924, 0.89, 0.8886, 0.8859, 0.8805, 0.877, 0.8592, 0.8531, 0.8563, 0.8428, 0.837, 0.8328, 0.8227, 0.8079, 0.7869, 0.7687, 0.7671, 0.7564, 0.7334, 0.6976, 0.6792, 0.6639, 0.6489, 0.6289, 0.6182, 0.6265, 0.6193
SiLCVp4, MRRSSPSQSHCTQVPIKIEHQKVRKKYNRRKRVDLECGCTYFRSLNCHNHGFTHRGIHHCSSSDEWRIYLGYGKSPVFQDPRPPGQAVPPQPRHHNRPSEVQPQPEESLGDSQMFHNLPDLDSFTSSDMAFLEGLTQSSSWVLR, 0.8674, 0.8795, 0.8651, 0.8465, 0.8342, 0.8067, 0.8007, 0.7879, 0.7761, 0.7816, 0.79, 0.7712, 0.7702, 0.7511, 0.737, 0.7406, 0.7378, 0.7326, 0.7489, 0.7153, 0.6968, 0.6765, 0.661, 0.6388, 0.6169, 0.5862, 0.5808, 0.5564, 0.5453, 0.5424, 0.5287, 0.5144, 0.4814, 0.4501, 0.4002, 0.3697, 0.339, 0.3115, 0.303, 0.2724, 0.2546, 0.2413, 0.2233, 0.2166, 0.2151, 0.2006, 0.2039, 0.1962, 0.1935, 0.1897, 0.1904, 0.1821, 0.1902, 0.1945, 0.2024, 0.1993, 0.1925, 0.1923, 0.1972, 0.2085, 0.2184, 0.2279, 0.2377, 0.2408, 0.2542, 0.2656, 0.2931, 0.3178, 0.344, 0.372, 0.3946, 0.4188, 0.4486, 0.4705, 0.4904, 0.517, 0.5318, 0.5681, 0.5908, 0.6143, 0.6408, 0.6678, 0.6953, 0.7204, 0.743, 0.7633, 0.7853, 0.8056, 0.8207, 0.8334, 0.8378, 0.8524, 0.854, 0.8679, 0.8789, 0.8887, 0.8826, 0.89, 0.8961, 0.9035, 0.9025, 0.9062, 0.9074, 0.9055, 0.9071, 0.8914, 0.8908, 0.8923, 0.8817, 0.8851, 0.8846, 0.8726, 0.8718, 0.8645, 0.8648, 0.872, 0.8694, 0.8663, 0.8532, 0.8647, 0.8574, 0.8289, 0.8411, 0.8328, 0.843, 0.8399, 0.8295, 0.8327, 0.8271, 0.8181, 0.8069, 0.8081, 0.8005, 0.7938, 0.7886, 0.7763, 0.7799, 0.7653, 0.7552, 0.7503, 0.754, 0.7639, 0.7698, 0.8022
FLA46_sAgp5, MQSSSHSRNHSIPVAKTSLPQKKKKSIRRRRVDLPCGCSYYTSINCHDHGFTHRGIHHCGSSREWRIYLGNSKSPVFQNFETRQPALPNTARHNNDSNTVQPQPAESPGTSQVFSNFQNLDDLTPSDWSFLKGIQNPSPQVSQQSRCNLT, 0.9295, 0.9493, 0.9486, 0.9409, 0.9365, 0.9454, 0.9342, 0.9438, 0.9286, 0.9275, 0.9142, 0.9213, 0.9087, 0.9143, 0.9147, 0.9019, 0.8941, 0.8872, 0.8728, 0.8397, 0.82, 0.8028, 0.7852, 0.7627, 0.7409, 0.7165, 0.7038, 0.6758, 0.6605, 0.6333, 0.5995, 0.5543, 0.5112, 0.4384, 0.3839, 0.3595, 0.3217, 0.3053, 0.2609, 0.2374, 0.217, 0.1976, 0.1859, 0.1782, 0.1665, 0.1641, 0.1559, 0.1483, 0.1409, 0.1403, 0.128, 0.1292, 0.1283, 0.1347, 0.1327, 0.1292, 0.1271, 0.1379, 0.1472, 0.151, 0.1587, 0.1674, 0.1762, 0.189, 0.2007, 0.215, 0.2378, 0.2603, 0.2834, 0.2954, 0.3173, 0.3339, 0.3659, 0.3894, 0.4291, 0.4494, 0.4838, 0.5101, 0.5276, 0.5514, 0.5762, 0.6074, 0.6341, 0.6569, 0.6825, 0.7043, 0.7236, 0.7467, 0.7697, 0.7881, 0.8035, 0.8176, 0.8312, 0.8485, 0.8643, 0.8764, 0.8866, 0.903, 0.9036, 0.9063, 0.9095, 0.9167, 0.9132, 0.9209, 0.9126, 0.9172, 0.9125, 0.9096, 0.91, 0.9078, 0.8894, 0.8874, 0.8779, 0.8752, 0.8706, 0.8742, 0.8687, 0.8583, 0.8686, 0.863, 0.8437, 0.8401, 0.8352, 0.8202, 0.8263, 0.8261, 0.8366, 0.8303, 0.8368, 0.8446, 0.8532, 0.8645, 0.8711, 0.8794, 0.8851, 0.9, 0.9008, 0.9041, 0.9168, 0.915, 0.9167, 0.9205, 0.9118, 0.9001, 0.891, 0.8745, 0.8803, 0.9061, 0.9349, 0.9691
HolYVMV_gp4, MRSSSPLKDHCTQVPIKVQHREAKKRNRRRRVDLECGCSYYLSINCFNHGFTHRGTHHCSSSMEWRLYLGSTKSPLFQDPKPRGLSLLEQDGHNNNQDPIQLQPSESSGSAQVFSDLPGLDDLTPSDWSFLKGIQDPSHKVSQQYRSNLN, 0.8732, 0.9097, 0.8912, 0.8796, 0.8691, 0.8651, 0.8857, 0.8584, 0.8945, 0.9258, 0.9163, 0.9088, 0.9229, 0.9198, 0.9201, 0.9249, 0.9093, 0.9085, 0.909, 0.893, 0.8886, 0.8776, 0.8727, 0.8603, 0.8539, 0.845, 0.8212, 0.8302, 0.8135, 0.8147, 0.8134, 0.8224, 0.8421, 0.8607, 0.8664, 0.8903, 0.9207, 0.9012, 0.947, 0.8966, 0.9014, 0.9023, 0.9078, 0.9197, 0.9173, 0.9179, 0.9388, 0.9277, 0.9467, 0.9604, 0.9455, 0.9506, 0.9457, 0.9444, 0.95, 0.9558, 0.9348, 0.928, 0.9313, 0.9295, 0.9258, 0.9209, 0.9065, 0.896, 0.8827, 0.879, 0.8855, 0.8759, 0.8706, 0.8605, 0.8587, 0.8664, 0.8703, 0.8816, 0.879, 0.8866, 0.887, 0.8767, 0.8741, 0.8775, 0.8801, 0.8884, 0.8848, 0.8903, 0.887, 0.8867, 0.8969, 0.8998, 0.8999, 0.9002, 0.9077, 0.9143, 0.9108, 0.9173, 0.9202, 0.9281, 0.9293, 0.9353, 0.934, 0.9266, 0.9271, 0.9289, 0.9269, 0.9327, 0.9251, 0.9298, 0.9227, 0.9262, 0.9321, 0.9197, 0.914, 0.8951, 0.8964, 0.8922, 0.8826, 0.8862, 0.8772, 0.8585, 0.8673, 0.8597, 0.8379, 0.8473, 0.8459, 0.8383, 0.8456, 0.85, 0.8513, 0.8517, 0.8593, 0.8552, 0.8627, 0.862, 0.8727, 0.8802, 0.8819, 0.8862, 0.8773, 0.8659, 0.8622, 0.8634, 0.8626, 0.8741, 0.8775, 0.8723, 0.8617, 0.8487, 0.8457, 0.8623, 0.8991, 0.9471
CYVVJ_gp4, MRSSSPSKAHSTPVPIKVQHRNAKKATRRRRVDLPCGCSYFIALGCHDHGFTHRGSYHCSSSREWRIYLDGQKSPLFQDNKSPEPSISHERRHNHHPNTVQLQPAESVGDTQVFSSLPNLDDFTASDWSFLKSI, 0.9126, 0.9278, 0.9216, 0.9081, 0.884, 0.861, 0.8442, 0.8276, 0.8179, 0.7968, 0.7825, 0.7706, 0.7491, 0.7283, 0.7071, 0.7105, 0.683, 0.6568, 0.6515, 0.6188, 0.5874, 0.5621, 0.5366, 0.5073, 0.4756, 0.4509, 0.4365, 0.411, 0.3882, 0.3698, 0.3516, 0.3355, 0.3108, 0.283, 0.2536, 0.2431, 0.2133, 0.198, 0.1593, 0.1343, 0.1157, 0.1069, 0.0976, 0.0918, 0.0928, 0.088, 0.08, 0.0751, 0.0764, 0.0788, 0.0734, 0.0775, 0.0802, 0.0909, 0.0987, 0.0983, 0.1049, 0.1078, 0.121, 0.1222, 0.1309, 0.1449, 0.1597, 0.1771, 0.2026, 0.2302, 0.2591, 0.2892, 0.3271, 0.3535, 0.3911, 0.4217, 0.448, 0.4666, 0.4882, 0.5148, 0.5469, 0.5757, 0.6035, 0.6338, 0.6594, 0.7002, 0.7338, 0.7578, 0.7908, 0.8281, 0.8517, 0.8755, 0.8902, 0.8992, 0.9079, 0.9073, 0.9007, 0.9122, 0.9226, 0.923, 0.934, 0.9496, 0.9412, 0.9377, 0.9454, 0.9359, 0.9343, 0.9325, 0.9135, 0.9132, 0.9064, 0.8935, 0.8857, 0.8791, 0.8718, 0.8644, 0.8516, 0.8466, 0.8393, 0.8238, 0.8037, 0.7766, 0.7683, 0.7478, 0.7239, 0.7018, 0.6665, 0.6567, 0.6363, 0.6106, 0.5948, 0.5591, 0.547, 0.5311, 0.5069, 0.5136, 0.5279, 0.533
SYVV_sDNAAgp4, MRSSSPSTSHCTLPNIKVQHREAKKKTIRRRRIDLKCGCTYYLSINCVNHGFSHRGTYHCSSSREWRLYLDNNKSPIFQDHQPREPTIPHGDRHHNNKDTIQLQPSESIGDTQMFSNLSSLDELTTSDIAFLESLQDPINDVFE, 0.8831, 0.9083, 0.8887, 0.8721, 0.8488, 0.8247, 0.8109, 0.8037, 0.7902, 0.7914, 0.7919, 0.7819, 0.7646, 0.7429, 0.75, 0.7543, 0.7399, 0.7294, 0.7444, 0.7232, 0.7058, 0.6985, 0.6922, 0.6745, 0.6576, 0.6428, 0.6306, 0.6206, 0.6003, 0.5998, 0.608, 0.5949, 0.5901, 0.5911, 0.593, 0.5532, 0.5276, 0.522, 0.5116, 0.5605, 0.5478, 0.5466, 0.5493, 0.5784, 0.5939, 0.6123, 0.6138, 0.6244, 0.6454, 0.6368, 0.6372, 0.6284, 0.6476, 0.6511, 0.6409, 0.6375, 0.6347, 0.6216, 0.6296, 0.6155, 0.6254, 0.626, 0.6244, 0.6165, 0.6214, 0.6152, 0.6227, 0.631, 0.6401, 0.6548, 0.6635, 0.6764, 0.6954, 0.7112, 0.7295, 0.7394, 0.7568, 0.7771, 0.7784, 0.7921, 0.8096, 0.8208, 0.8319, 0.8362, 0.8452, 0.8515, 0.8598, 0.8678, 0.8819, 0.8892, 0.8953, 0.8981, 0.8931, 0.8982, 0.9059, 0.9139, 0.914, 0.9111, 0.9185, 0.9055, 0.9059, 0.9057, 0.9031, 0.9017, 0.9001, 0.8854, 0.8927, 0.8815, 0.8808, 0.8816, 0.8812, 0.8638, 0.8542, 0.8409, 0.8365, 0.8256, 0.8202, 0.8142, 0.7902, 0.7884, 0.7847, 0.7637, 0.7562, 0.7429, 0.7398, 0.7407, 0.7349, 0.7347, 0.7301, 0.7276, 0.7139, 0.7036, 0.696, 0.6993, 0.6952, 0.6932, 0.6978, 0.7087, 0.71, 0.7146, 0.7442, 0.7867, 0.7887, 0.8268
ToLCBDVgp4, MRSSSPSKAHSTQVPIKVQHKIAKKGTRRRRVDLPCGCSYFIALACHDHGFTHRGTHHCSSSSEWRVYLGDSKSTLFQDNRAPQQAIPDKQRHHHHPTSVQSQPEESVGDTQMFPSLPNLDDFTASDWSFLKSL, 0.8754, 0.8976, 0.8746, 0.8478, 0.8115, 0.7855, 0.7536, 0.7392, 0.7223, 0.6954, 0.6841, 0.6717, 0.654, 0.6446, 0.6198, 0.5943, 0.567, 0.5248, 0.4897, 0.4492, 0.4146, 0.3725, 0.3306, 0.3008, 0.2694, 0.2504, 0.2405, 0.2328, 0.2287, 0.2246, 0.2225, 0.2185, 0.2049, 0.1874, 0.1668, 0.1625, 0.1402, 0.1307, 0.1127, 0.1093, 0.1053, 0.1081, 0.1104, 0.1129, 0.1119, 0.1127, 0.1141, 0.1138, 0.1213, 0.1289, 0.127, 0.1336, 0.1378, 0.1483, 0.15, 0.1531, 0.1569, 0.1651, 0.1792, 0.1779, 0.189, 0.2042, 0.2178, 0.231, 0.2462, 0.2666, 0.2816, 0.3056, 0.3283, 0.3477, 0.3646, 0.3847, 0.4126, 0.4307, 0.448, 0.4805, 0.5132, 0.5429, 0.5687, 0.597, 0.6216, 0.6508, 0.6796, 0.7035, 0.7386, 0.7613, 0.7859, 0.8084, 0.8227, 0.8348, 0.8473, 0.8539, 0.8643, 0.8797, 0.8951, 0.9014, 0.9057, 0.9123, 0.9167, 0.9142, 0.9148, 0.9175, 0.9118, 0.9115, 0.9029, 0.8934, 0.8864, 0.8698, 0.8614, 0.8488, 0.8294, 0.821, 0.8008, 0.7757, 0.7577, 0.7384, 0.7107, 0.6911, 0.668, 0.6365, 0.6182, 0.5894, 0.5447, 0.5361, 0.5068, 0.4819, 0.4659, 0.4264, 0.4154, 0.3943, 0.3625, 0.3535, 0.3387, 0.315
FLA47_sAgp4, MQPSSPSTSRCTPVPIKVLHRAAKRKPIRRKRIDLPCGCTYYRSINCHNHGFTHRGTHHCSSSDEWRIYLGGTKSPIFQDPKPPQKTIPDGQRHHRNEDPVQLQPEESVGTSNVFLDIQDLDSFTTSDIAFLKSI, 0.9301, 0.9249, 0.9081, 0.903, 0.896, 0.8719, 0.869, 0.8513, 0.8436, 0.8394, 0.8507, 0.8387, 0.8328, 0.8402, 0.8218, 0.834, 0.8029, 0.8054, 0.8018, 0.786, 0.765, 0.7596, 0.7607, 0.7499, 0.7335, 0.7164, 0.6954, 0.6893, 0.6653, 0.6486, 0.6155, 0.5952, 0.5613, 0.5363, 0.4872, 0.4302, 0.4039, 0.3761, 0.363, 0.3235, 0.2994, 0.2884, 0.2754, 0.2694, 0.2625, 0.2511, 0.2538, 0.2546, 0.2605, 0.2595, 0.2582, 0.2514, 0.2607, 0.2709, 0.2799, 0.2751, 0.2724, 0.2765, 0.2853, 0.293, 0.2969, 0.3046, 0.3099, 0.3142, 0.3342, 0.3496, 0.3815, 0.406, 0.432, 0.4572, 0.4743, 0.4977, 0.5199, 0.5456, 0.5663, 0.5915, 0.6105, 0.6336, 0.6522, 0.6722, 0.6952, 0.7132, 0.7358, 0.7536, 0.7664, 0.7841, 0.7929, 0.8064, 0.8255, 0.8358, 0.8452, 0.8444, 0.8494, 0.8599, 0.8684, 0.8662, 0.8696, 0.8767, 0.8767, 0.8799, 0.8787, 0.887, 0.8807, 0.8685, 0.8793, 0.86, 0.8539, 0.8467, 0.8353, 0.8333, 0.838, 0.8096, 0.8108, 0.7976, 0.7865, 0.7721, 0.7788, 0.7806, 0.7537, 0.7404, 0.7361, 0.6763, 0.6659, 0.6298, 0.6242, 0.6153, 0.5919, 0.5819, 0.5716, 0.5664, 0.5519, 0.5371, 0.549, 0.5641, 0.5771
D1T10_gp4, MRFSSPSKDHCTPVPIKVQHREAKRVHRRRRVDLECGCSYFLSINCFNHGFTHRGTHHCSSSMEWRLYLGGSKSPLFQDPQPRQPAIHNDNGHNKDQNPIQLQPSESSGSHKWFSDLPNLDDLTPSDWSFLKGIQDTNPQVSQQSGCNLN, 0.8964, 0.9366, 0.9577, 0.9331, 0.8888, 0.8589, 0.857, 0.8385, 0.8556, 0.8803, 0.8927, 0.8923, 0.9111, 0.9448, 0.9401, 0.9459, 0.9399, 0.9613, 0.9701, 0.9632, 0.9575, 0.9523, 0.9493, 0.9434, 0.9446, 0.9299, 0.938, 0.9168, 0.9043, 0.9003, 0.8889, 0.9025, 0.902, 0.9215, 0.9229, 0.9443, 0.9671, 0.9291, 0.9684, 0.937, 0.9322, 0.9251, 0.9433, 0.9629, 0.9508, 0.9521, 0.9702, 0.957, 0.9754, 0.9887, 0.9709, 0.9841, 0.9777, 0.982, 0.9807, 0.9906, 0.9695, 0.9692, 0.9647, 0.9623, 0.9607, 0.9568, 0.9438, 0.9453, 0.9319, 0.9264, 0.921, 0.9134, 0.9068, 0.9063, 0.896, 0.8957, 0.9001, 0.9103, 0.9, 0.9078, 0.911, 0.8981, 0.896, 0.891, 0.895, 0.8958, 0.8939, 0.8955, 0.8918, 0.8963, 0.9001, 0.8973, 0.9023, 0.9034, 0.9135, 0.9188, 0.9155, 0.9282, 0.9252, 0.9345, 0.9329, 0.9335, 0.9316, 0.9207, 0.9238, 0.9233, 0.9254, 0.9279, 0.9191, 0.9263, 0.9172, 0.9221, 0.9224, 0.915, 0.9028, 0.8907, 0.8959, 0.8864, 0.8866, 0.9036, 0.899, 0.8798, 0.8889, 0.8926, 0.8699, 0.8752, 0.8732, 0.8667, 0.8742, 0.8836, 0.8827, 0.8833, 0.8936, 0.8872, 0.8989, 0.91, 0.9188, 0.9286, 0.9287, 0.9447, 0.9457, 0.947, 0.9501, 0.9617, 0.9631, 0.9589, 0.9582, 0.9472, 0.9368, 0.9401, 0.9352, 0.9488, 0.9851, 1.0
BKK91_gp3, MPSLSHSTPPCIKKAHRQAKKRAIRRRRIDLECGCSIYLHINCAEYGYTHRGTHHCASSGEWRLYLGNNKSPVFQDVQGRGSTIHNNKGLPCTSTVQPQLEESIASPHSIPEFPNLDDIPDSFWADLFS, 0.7859, 0.8044, 0.8028, 0.7806, 0.7537, 0.7315, 0.7098, 0.6916, 0.6621, 0.6627, 0.6834, 0.6612, 0.6458, 0.6364, 0.6391, 0.6064, 0.5848, 0.5779, 0.569, 0.541, 0.5265, 0.5131, 0.4999, 0.5066, 0.4964, 0.4966, 0.4833, 0.4566, 0.4275, 0.3965, 0.3785, 0.349, 0.3148, 0.2946, 0.2725, 0.2577, 0.2432, 0.2361, 0.2224, 0.2205, 0.2217, 0.2182, 0.2185, 0.2307, 0.2242, 0.2303, 0.228, 0.2287, 0.2312, 0.238, 0.2407, 0.2261, 0.2228, 0.2249, 0.2294, 0.227, 0.2229, 0.2262, 0.234, 0.2399, 0.2455, 0.2546, 0.2636, 0.2678, 0.2732, 0.2867, 0.2967, 0.3179, 0.3299, 0.3401, 0.3555, 0.3759, 0.4089, 0.4355, 0.4683, 0.4964, 0.5208, 0.5523, 0.5835, 0.6155, 0.6403, 0.656, 0.6736, 0.7054, 0.7336, 0.7612, 0.7809, 0.8023, 0.8239, 0.8335, 0.8518, 0.8715, 0.8833, 0.8938, 0.9036, 0.9019, 0.9047, 0.9088, 0.913, 0.9073, 0.9094, 0.9007, 0.9021, 0.9047, 0.9016, 0.896, 0.9106, 0.8985, 0.8828, 0.8803, 0.8757, 0.871, 0.854, 0.8509, 0.8568, 0.8493, 0.8268, 0.825, 0.8188, 0.799, 0.7942, 0.7865, 0.7547, 0.7382, 0.7266, 0.734, 0.7236, 0.7145, 0.7525
ToYLCSvgp4, MQSSSPSTSHCSQIPIKIQHHIAKKRQVRRRRVDLDCGCSYYIHLDCINHGFTHRGVHHCASSNEWRLYLRDNKSPIFHDNQTQSEPIQQQIQHTNIPNQIQPQLEEGTGDSQMFSQLPHLDDLTVSDWSFFKSL, 0.8616, 0.8763, 0.8469, 0.8123, 0.7728, 0.744, 0.712, 0.6924, 0.6639, 0.6364, 0.6238, 0.5952, 0.5834, 0.5541, 0.5187, 0.498, 0.4963, 0.4695, 0.4312, 0.4045, 0.3776, 0.344, 0.3246, 0.3148, 0.298, 0.2839, 0.2703, 0.2551, 0.2464, 0.2446, 0.2405, 0.2307, 0.2074, 0.1872, 0.163, 0.154, 0.1461, 0.13, 0.1274, 0.1118, 0.1122, 0.1093, 0.1019, 0.0937, 0.0946, 0.0918, 0.0935, 0.0952, 0.0967, 0.0966, 0.0966, 0.0913, 0.0943, 0.0951, 0.1016, 0.0997, 0.1014, 0.1046, 0.1161, 0.1273, 0.136, 0.1478, 0.1639, 0.1791, 0.1977, 0.2222, 0.2544, 0.2783, 0.3024, 0.3362, 0.3688, 0.3913, 0.4181, 0.4385, 0.4668, 0.4912, 0.524, 0.5652, 0.6047, 0.6421, 0.6756, 0.7013, 0.7398, 0.7656, 0.7895, 0.822, 0.851, 0.8587, 0.8664, 0.8764, 0.887, 0.901, 0.9062, 0.9154, 0.92, 0.9297, 0.9335, 0.9438, 0.9565, 0.9522, 0.9539, 0.9476, 0.9515, 0.944, 0.9477, 0.9373, 0.926, 0.9246, 0.9084, 0.8916, 0.8848, 0.8697, 0.8567, 0.8403, 0.8346, 0.8259, 0.8158, 0.807, 0.7701, 0.7649, 0.7431, 0.7341, 0.7227, 0.7082, 0.7021, 0.6895, 0.6653, 0.6506, 0.598, 0.586, 0.5646, 0.5394, 0.5491, 0.5705, 0.5893
EcYVV_gp4, MRSSSPLRDHCTQVPIKVQHREAKRRNRRRRVDLECGCSYYLSINCFNHGFTHRGTHHCSSSMEWRLYLGRSKSPIFQDPQPRQPAIHDQYGLNKDQNPIQLQPSESSGSAQMFSDLPNLDDLTPSDWSFLKGIQDPSPQVSQQSGCNLN, 0.8882, 0.91, 0.8869, 0.8752, 0.8744, 0.8793, 0.8963, 0.8776, 0.9022, 0.9261, 0.9171, 0.9048, 0.9131, 0.9122, 0.911, 0.9147, 0.8981, 0.8956, 0.8922, 0.8825, 0.8759, 0.8647, 0.8566, 0.8475, 0.8415, 0.8255, 0.8029, 0.8081, 0.7937, 0.7903, 0.786, 0.7818, 0.8041, 0.8206, 0.8187, 0.8427, 0.8727, 0.8622, 0.907, 0.8609, 0.8656, 0.8722, 0.8776, 0.8865, 0.8936, 0.8942, 0.9121, 0.9056, 0.9211, 0.934, 0.9205, 0.9268, 0.9231, 0.9197, 0.9259, 0.9271, 0.9041, 0.896, 0.8963, 0.893, 0.8847, 0.8745, 0.8602, 0.8495, 0.8335, 0.8335, 0.8408, 0.8362, 0.8353, 0.8308, 0.8292, 0.8354, 0.8337, 0.8429, 0.84, 0.8491, 0.8554, 0.8428, 0.8433, 0.8434, 0.8492, 0.8525, 0.8544, 0.8551, 0.8628, 0.8691, 0.8717, 0.8723, 0.8738, 0.8712, 0.8742, 0.8792, 0.8748, 0.884, 0.8836, 0.8889, 0.8884, 0.8986, 0.8952, 0.8918, 0.8949, 0.8998, 0.9011, 0.9074, 0.905, 0.9084, 0.9054, 0.9085, 0.9176, 0.9092, 0.9079, 0.8883, 0.8907, 0.8865, 0.8774, 0.8846, 0.8798, 0.8652, 0.8732, 0.8724, 0.8601, 0.8615, 0.8624, 0.856, 0.8641, 0.8715, 0.8778, 0.8781, 0.8807, 0.878, 0.8849, 0.894, 0.903, 0.9112, 0.9124, 0.922, 0.92, 0.9213, 0.9321, 0.9351, 0.9381, 0.9335, 0.9266, 0.9177, 0.9108, 0.9156, 0.9114, 0.9279, 0.9606, 0.9892
D1Q93_gp5, MRPSSPSKAHSTQVPIKVQHKLAKKGTRRRRVDLPCGCSYFIALTCHDHGFTHRGVHHCGSYREWRIYLGNQKSPVFQNFETRQQALPNTARHNQDSNTIQPQPAESPGTSQVFSNFQNLDGLTPSDWDFLESLQNPGP, 0.8841, 0.8887, 0.8768, 0.8644, 0.826, 0.7965, 0.7721, 0.7522, 0.7357, 0.7077, 0.6909, 0.6774, 0.6587, 0.6333, 0.6058, 0.5979, 0.5716, 0.5482, 0.5296, 0.4959, 0.4729, 0.4456, 0.4154, 0.3918, 0.3607, 0.3325, 0.3184, 0.3035, 0.2958, 0.2917, 0.2854, 0.2776, 0.2653, 0.2443, 0.2223, 0.2177, 0.1855, 0.1666, 0.1281, 0.1041, 0.0856, 0.0761, 0.0662, 0.0607, 0.0584, 0.0547, 0.0436, 0.0393, 0.0381, 0.0392, 0.0335, 0.0353, 0.0335, 0.0373, 0.0397, 0.0397, 0.0412, 0.0493, 0.0549, 0.0601, 0.0637, 0.0676, 0.0739, 0.0845, 0.0967, 0.1061, 0.117, 0.1282, 0.1418, 0.1498, 0.1605, 0.1737, 0.1917, 0.2087, 0.2316, 0.2539, 0.2888, 0.3183, 0.3429, 0.3773, 0.4015, 0.4323, 0.4746, 0.5058, 0.5428, 0.5735, 0.5997, 0.6336, 0.6611, 0.6858, 0.7128, 0.7371, 0.7609, 0.7882, 0.8112, 0.8372, 0.8545, 0.8806, 0.8902, 0.9035, 0.9097, 0.9251, 0.9249, 0.9367, 0.9324, 0.9383, 0.9334, 0.9377, 0.9347, 0.9386, 0.9237, 0.9206, 0.911, 0.9215, 0.9212, 0.9076, 0.9048, 0.892, 0.8863, 0.8838, 0.8677, 0.8653, 0.8606, 0.845, 0.8495, 0.8328, 0.8315, 0.821, 0.8067, 0.7956, 0.7852, 0.7729, 0.768, 0.7582, 0.7432, 0.7351, 0.727, 0.7165, 0.7322
ToLCBVgp4, MQPSSPSKGHSTQVPIKVQHSLAKKGTRRRRVDLACGCSYFISLACNDHGFTHRGTHHCSSNREWRVYLGNSKSPLFQDNRAPQPAIPVGERHHHRPNTIQSQLEESVGDTQMFSSLPNLDDLTASDWSFLKGL, 0.9267, 0.9774, 0.9698, 0.9674, 0.9485, 0.9235, 0.9086, 0.8747, 0.8792, 0.8532, 0.8356, 0.8179, 0.8278, 0.8101, 0.8099, 0.8008, 0.78, 0.7561, 0.7292, 0.7068, 0.6737, 0.6544, 0.6408, 0.6144, 0.5814, 0.5716, 0.5635, 0.5589, 0.5594, 0.5566, 0.5474, 0.5281, 0.5151, 0.4866, 0.458, 0.4287, 0.3899, 0.3624, 0.3423, 0.3182, 0.2899, 0.2899, 0.2845, 0.2896, 0.2844, 0.2914, 0.2997, 0.2908, 0.2884, 0.2839, 0.2726, 0.2747, 0.275, 0.2715, 0.2567, 0.2452, 0.243, 0.2496, 0.2525, 0.2561, 0.2664, 0.2718, 0.2807, 0.2963, 0.3134, 0.3383, 0.3565, 0.3851, 0.4115, 0.4361, 0.4668, 0.4909, 0.5206, 0.5453, 0.5685, 0.5901, 0.6298, 0.657, 0.6871, 0.7153, 0.7388, 0.7646, 0.7887, 0.7939, 0.8201, 0.8314, 0.8451, 0.8572, 0.8677, 0.8668, 0.8696, 0.8645, 0.8723, 0.8703, 0.87, 0.8681, 0.8699, 0.8853, 0.8969, 0.8912, 0.8915, 0.8986, 0.8999, 0.8926, 0.8881, 0.8829, 0.8841, 0.8916, 0.887, 0.8865, 0.8769, 0.8735, 0.8697, 0.8602, 0.8603, 0.8623, 0.8661, 0.8446, 0.8568, 0.8629, 0.8463, 0.8451, 0.8364, 0.823, 0.8185, 0.8017, 0.7972, 0.7626, 0.7677, 0.7589, 0.7555, 0.7751, 0.8278, 0.8744
CLCuBVp4, MRSSSPLKDHCTQVPIKVQHREAKRRNRRRRVDLECGCSYYLSINCHNHGFTHRGTHHCSSSMEWRLYLGSSKSPIFQDPKPPQPAIHKQHGHNNDQNPIQLQPSESSGSAQVFSDLPNLDDLTPSDWSFLKGIQNTGPQVPQQSRCNLN, 0.8566, 0.8934, 0.8754, 0.8618, 0.8489, 0.8463, 0.8639, 0.8335, 0.863, 0.89, 0.882, 0.8704, 0.8829, 0.8805, 0.879, 0.8885, 0.87, 0.8706, 0.8691, 0.8523, 0.8412, 0.83, 0.8202, 0.8064, 0.793, 0.7762, 0.7602, 0.7585, 0.7424, 0.7392, 0.7319, 0.7175, 0.7443, 0.7716, 0.7728, 0.7933, 0.8403, 0.856, 0.9127, 0.8725, 0.8738, 0.8788, 0.8849, 0.8973, 0.8883, 0.893, 0.9178, 0.906, 0.9213, 0.9249, 0.918, 0.9142, 0.9098, 0.9022, 0.9032, 0.901, 0.8786, 0.8726, 0.8742, 0.876, 0.8729, 0.8656, 0.8544, 0.845, 0.8307, 0.8295, 0.8372, 0.8346, 0.8335, 0.8269, 0.8257, 0.8307, 0.8371, 0.8473, 0.8498, 0.8583, 0.8632, 0.8527, 0.8547, 0.8518, 0.8536, 0.8539, 0.8533, 0.8488, 0.8583, 0.8575, 0.8677, 0.8654, 0.8651, 0.8664, 0.8762, 0.8814, 0.8811, 0.8931, 0.8977, 0.9044, 0.904, 0.9107, 0.9105, 0.9031, 0.9068, 0.9062, 0.9066, 0.9141, 0.9049, 0.9079, 0.9022, 0.9043, 0.9112, 0.9023, 0.8944, 0.877, 0.8776, 0.8786, 0.8696, 0.879, 0.8704, 0.8549, 0.8635, 0.8652, 0.8489, 0.848, 0.8486, 0.8393, 0.8512, 0.8531, 0.859, 0.8588, 0.8658, 0.8677, 0.8768, 0.8884, 0.8979, 0.9102, 0.9137, 0.9303, 0.9267, 0.9211, 0.9243, 0.9315, 0.9349, 0.9418, 0.9372, 0.9215, 0.9171, 0.9028, 0.9092, 0.9331, 0.9698, 1.0
D1T97_sAgp4, MRPSSPSKSHSTQVPIKVQHRIAKKSNRRRRVDLPCGCSYFIALACHNHGFSHRGVHHCSSSREWRVYLGDTKSPLFQDNGAPQPPIYNETRYHENPNPVQLQPEESVGNSQMLSDLPDLDDFTASDWSFLKSI, 0.9071, 0.9281, 0.9225, 0.9188, 0.8798, 0.8379, 0.8145, 0.7857, 0.7747, 0.7486, 0.7276, 0.7088, 0.7023, 0.6753, 0.6582, 0.652, 0.6339, 0.6162, 0.6122, 0.5769, 0.5477, 0.5215, 0.4988, 0.4685, 0.4377, 0.4162, 0.3955, 0.3766, 0.362, 0.3546, 0.3398, 0.3258, 0.2946, 0.2634, 0.2278, 0.2188, 0.1916, 0.1799, 0.1562, 0.1475, 0.1376, 0.1375, 0.1364, 0.1364, 0.132, 0.1329, 0.1242, 0.119, 0.1193, 0.1208, 0.115, 0.1183, 0.1225, 0.1308, 0.1334, 0.1353, 0.1386, 0.1536, 0.1706, 0.1797, 0.1971, 0.2146, 0.2283, 0.2456, 0.2645, 0.2924, 0.3105, 0.3394, 0.3657, 0.3903, 0.4124, 0.435, 0.461, 0.4849, 0.5067, 0.5261, 0.5573, 0.5818, 0.6021, 0.6209, 0.6473, 0.6637, 0.6939, 0.7147, 0.7358, 0.7636, 0.7792, 0.7957, 0.8101, 0.8165, 0.8304, 0.8365, 0.852, 0.8633, 0.8696, 0.8841, 0.8928, 0.9009, 0.8986, 0.8965, 0.8945, 0.8951, 0.8955, 0.9003, 0.8918, 0.8946, 0.8964, 0.888, 0.8843, 0.8733, 0.8557, 0.8431, 0.8176, 0.8051, 0.7955, 0.7888, 0.7755, 0.746, 0.7338, 0.7107, 0.687, 0.6638, 0.6208, 0.6109, 0.5873, 0.5592, 0.5409, 0.5049, 0.4925, 0.4718, 0.4455, 0.4474, 0.4466, 0.4372
LYVCVp4, MRPSSPSTSRCTQVPIKVQHRLAKRKPRRRRVDLRCGCSLYISIDCHNYGFTHRGIHHCSSGREWRVYLGNNQSPIFQDHQTRQQTIPTGTRHHYSSDTVQLQPAEGFGDTQMFSDLPDLDSLTTSDIEFLKGL, 0.8967, 0.9038, 0.8859, 0.88, 0.8698, 0.8472, 0.8584, 0.8328, 0.832, 0.8399, 0.86, 0.8374, 0.8466, 0.8357, 0.8358, 0.8559, 0.8315, 0.8265, 0.8242, 0.8119, 0.796, 0.7823, 0.7765, 0.7652, 0.7551, 0.7449, 0.7334, 0.7172, 0.7002, 0.6875, 0.6648, 0.6102, 0.6051, 0.5901, 0.5249, 0.4892, 0.4616, 0.4398, 0.4337, 0.4245, 0.4209, 0.4077, 0.4125, 0.4059, 0.4096, 0.4081, 0.4155, 0.4081, 0.3945, 0.3994, 0.3921, 0.3931, 0.3995, 0.4066, 0.4055, 0.3892, 0.3963, 0.4043, 0.3973, 0.4054, 0.4049, 0.4023, 0.4016, 0.4069, 0.4056, 0.415, 0.4179, 0.4439, 0.4642, 0.4851, 0.5165, 0.5441, 0.5549, 0.5833, 0.6129, 0.6323, 0.6681, 0.6899, 0.7154, 0.7411, 0.7594, 0.7724, 0.7821, 0.7937, 0.8045, 0.8088, 0.8312, 0.8483, 0.8623, 0.8696, 0.8741, 0.872, 0.8801, 0.8799, 0.899, 0.9051, 0.9195, 0.9225, 0.9155, 0.9116, 0.9029, 0.9143, 0.9052, 0.9049, 0.8909, 0.8822, 0.8933, 0.8934, 0.8839, 0.8784, 0.8652, 0.8526, 0.8443, 0.8451, 0.837, 0.833, 0.8396, 0.8183, 0.809, 0.8, 0.7708, 0.7802, 0.772, 0.7771, 0.7814, 0.763, 0.7541, 0.7438, 0.7388, 0.7193, 0.7147, 0.7268, 0.7562, 0.7827
TlcZvgp4, MQHSSPSTGHSTQIPIKVLHRKAKTKAIRRKRIDLACGCSYYIHIGCRNHGFTHRGRHHCASSSEWRFYLGDNKSALFQDNQTPHKTVLQELRHHTPSNTIQLQPQEGIGDSQMFSELPGLDDLTASDWSFLKSI, 0.8832, 0.9411, 0.9548, 0.9279, 0.9135, 0.88, 0.8661, 0.8337, 0.8378, 0.8314, 0.836, 0.8198, 0.8418, 0.8334, 0.8012, 0.7963, 0.7677, 0.7717, 0.7853, 0.7645, 0.7681, 0.7596, 0.7712, 0.7455, 0.7538, 0.7451, 0.7652, 0.775, 0.7697, 0.782, 0.7833, 0.8023, 0.7792, 0.8106, 0.8216, 0.816, 0.8252, 0.8657, 0.8436, 0.8838, 0.8877, 0.9043, 0.9024, 0.9167, 0.9251, 0.9458, 0.9357, 0.9372, 0.931, 0.9413, 0.9467, 0.9299, 0.9403, 0.9321, 0.9324, 0.9319, 0.9406, 0.9223, 0.9203, 0.9179, 0.9227, 0.9187, 0.9251, 0.9086, 0.9027, 0.9048, 0.9049, 0.9017, 0.9172, 0.9279, 0.9141, 0.9031, 0.9069, 0.9134, 0.937, 0.934, 0.9221, 0.9237, 0.9149, 0.9164, 0.9158, 0.9179, 0.9356, 0.922, 0.9248, 0.9091, 0.9306, 0.9197, 0.9213, 0.9082, 0.9116, 0.9068, 0.9053, 0.9144, 0.9121, 0.9149, 0.9208, 0.9291, 0.9375, 0.9306, 0.9345, 0.9325, 0.9328, 0.9333, 0.9291, 0.9273, 0.9262, 0.9289, 0.9237, 0.9204, 0.9117, 0.9027, 0.8929, 0.878, 0.8735, 0.8622, 0.859, 0.8573, 0.8256, 0.8227, 0.8178, 0.7942, 0.7923, 0.7877, 0.778, 0.7704, 0.756, 0.7561, 0.7298, 0.7299, 0.7183, 0.7137, 0.7339, 0.7817, 0.8209
Oyvmvgp4, MQHSSFSPNRCTQVPIKVQHREAKRRNRRRRVDLECGCFYYLSINCHNHGFSHRGTHHCSSSKEWRLYLEGSKSPLFQDPQPRQPSIHDEHGHNNTQDPFQLQPTESSGNTQVFSNLPNLDDLTPSDWSFLKGIQNPSPQTSQQSRCNLN, 0.7803, 0.7685, 0.77, 0.7415, 0.7196, 0.6968, 0.6647, 0.6652, 0.6313, 0.6104, 0.6007, 0.566, 0.5464, 0.5284, 0.4819, 0.4644, 0.4291, 0.4035, 0.3687, 0.3567, 0.3413, 0.3388, 0.3401, 0.3452, 0.3639, 0.3876, 0.406, 0.4285, 0.4618, 0.4944, 0.5134, 0.5273, 0.5121, 0.5428, 0.5698, 0.5785, 0.569, 0.5362, 0.5444, 0.5407, 0.5262, 0.538, 0.5781, 0.6019, 0.5909, 0.5932, 0.6239, 0.6194, 0.6182, 0.6172, 0.6098, 0.6259, 0.6455, 0.6401, 0.6286, 0.6316, 0.6383, 0.6404, 0.6266, 0.6501, 0.6518, 0.6496, 0.6508, 0.6728, 0.6631, 0.6741, 0.6847, 0.698, 0.7099, 0.7265, 0.7325, 0.7391, 0.7504, 0.7626, 0.7705, 0.7816, 0.8018, 0.8082, 0.8218, 0.8321, 0.8445, 0.8522, 0.8575, 0.8616, 0.8689, 0.8748, 0.8908, 0.8967, 0.9024, 0.9056, 0.9161, 0.9174, 0.9178, 0.9244, 0.9296, 0.9275, 0.9358, 0.9357, 0.9341, 0.9303, 0.9314, 0.9372, 0.9318, 0.936, 0.9287, 0.932, 0.9303, 0.9366, 0.9402, 0.9362, 0.9239, 0.9105, 0.9044, 0.9067, 0.8969, 0.9071, 0.9044, 0.8901, 0.8993, 0.9052, 0.8905, 0.8882, 0.8852, 0.8754, 0.8778, 0.8796, 0.8826, 0.8725, 0.8781, 0.8798, 0.886, 0.8952, 0.8994, 0.9085, 0.9083, 0.9219, 0.9188, 0.9216, 0.9331, 0.9331, 0.935, 0.9325, 0.9325, 0.9215, 0.9147, 0.9016, 0.9006, 0.9177, 0.9559, 0.9854
DF44_gp5, MRSSSPSAGHSTQIPIKVKHRLCKKKTIRRRRVDLPCGCSYYYSIDCANHGFTHRGTHHCNSSREWRVYLDGAKSPLFQDHQSRATTITDEPRHYHDPNPIQPQPEESVGTSPVFSDLPDLDSFTTSDWAFLKSI, 0.8861, 0.9223, 0.9099, 0.8873, 0.8584, 0.8225, 0.7916, 0.763, 0.7444, 0.7264, 0.7104, 0.6895, 0.6815, 0.6599, 0.6355, 0.6288, 0.607, 0.5956, 0.5883, 0.5567, 0.5074, 0.4751, 0.4447, 0.4349, 0.4176, 0.3834, 0.3722, 0.3497, 0.3291, 0.3125, 0.2891, 0.2734, 0.249, 0.2316, 0.2114, 0.2044, 0.1954, 0.1866, 0.1878, 0.1683, 0.1675, 0.1669, 0.1673, 0.1668, 0.1733, 0.1689, 0.1727, 0.1804, 0.1828, 0.1806, 0.1821, 0.1733, 0.1758, 0.1756, 0.1791, 0.1722, 0.1675, 0.1695, 0.1762, 0.186, 0.1875, 0.1943, 0.2046, 0.2137, 0.225, 0.2362, 0.2541, 0.2633, 0.2825, 0.3072, 0.3252, 0.3458, 0.3628, 0.3793, 0.3979, 0.4212, 0.4346, 0.4669, 0.492, 0.5111, 0.5414, 0.5681, 0.5941, 0.6206, 0.648, 0.6702, 0.6998, 0.7296, 0.7497, 0.774, 0.7829, 0.7993, 0.8078, 0.8178, 0.8208, 0.831, 0.8349, 0.8423, 0.8556, 0.8528, 0.8578, 0.854, 0.8606, 0.8553, 0.8642, 0.8596, 0.8648, 0.8688, 0.8556, 0.8544, 0.8509, 0.8457, 0.8378, 0.8287, 0.822, 0.8242, 0.8229, 0.8173, 0.7822, 0.7759, 0.7621, 0.7224, 0.7194, 0.6835, 0.6811, 0.6864, 0.6615, 0.6461, 0.6041, 0.5871, 0.5733, 0.551, 0.554, 0.5584, 0.5486
BYVBV_gp5, MRPSSPLKAHYTQVPIKVQHREAKKGIRRRRVDLPCGCSYFISIACHDHGFTHRGTHHCSSSREWRVYLGDSKSPVFQDNRTPQQAILNEGRHHHRSDTVQSQPEESVGDAQMFPSLPNLDDLTPSDWSFLKGISNPSSQVFKQSRCNLN, 0.533, 0.5326, 0.5232, 0.5019, 0.49, 0.4833, 0.4635, 0.4391, 0.4261, 0.4034, 0.3935, 0.3648, 0.3422, 0.3209, 0.2897, 0.2559, 0.2382, 0.2155, 0.1943, 0.1817, 0.1713, 0.1613, 0.1479, 0.1454, 0.1387, 0.1343, 0.1239, 0.1208, 0.116, 0.1129, 0.1151, 0.1089, 0.0996, 0.0895, 0.0852, 0.0801, 0.0719, 0.072, 0.066, 0.0686, 0.0661, 0.0694, 0.0678, 0.0743, 0.0749, 0.0798, 0.0821, 0.0817, 0.0841, 0.0865, 0.0814, 0.086, 0.0858, 0.0931, 0.0953, 0.0976, 0.1037, 0.1133, 0.127, 0.1274, 0.1393, 0.1545, 0.1683, 0.1821, 0.2036, 0.2275, 0.2481, 0.2764, 0.3024, 0.3247, 0.3448, 0.3646, 0.389, 0.4042, 0.4279, 0.4476, 0.4794, 0.4978, 0.5115, 0.5355, 0.5603, 0.5889, 0.6247, 0.6553, 0.6841, 0.722, 0.7565, 0.773, 0.7953, 0.8066, 0.8247, 0.8319, 0.8471, 0.8589, 0.8709, 0.8841, 0.889, 0.8981, 0.8984, 0.9006, 0.9066, 0.914, 0.9146, 0.9145, 0.9121, 0.9103, 0.9108, 0.8994, 0.907, 0.8947, 0.8784, 0.869, 0.8669, 0.85, 0.8541, 0.853, 0.8437, 0.8386, 0.8418, 0.8385, 0.8264, 0.82, 0.8142, 0.7995, 0.8121, 0.8171, 0.8349, 0.821, 0.8271, 0.8363, 0.8432, 0.853, 0.864, 0.8691, 0.8777, 0.8894, 0.8864, 0.8963, 0.9021, 0.8998, 0.8936, 0.9043, 0.9007, 0.8841, 0.8833, 0.853, 0.8507, 0.8772, 0.8994, 0.9533
TbLCKoVgp4, MQPSSPSTAHSTQVPIKVRHRSEKRRQPRRRRIDINCGCSIYVALGCANHGFTHRGHHHCSSGMEWRVYLDSAKSPIFQNHEPRPTTIQHGTRHNNYTNTIQPQPQESTGDTQVLPLFQDLDSLTSSDFAFLEGI, 0.9554, 0.9606, 0.9509, 0.9437, 0.9314, 0.9219, 0.9126, 0.9023, 0.8956, 0.8865, 0.8803, 0.8723, 0.8632, 0.8494, 0.8434, 0.859, 0.8358, 0.8363, 0.8283, 0.8227, 0.8045, 0.7964, 0.7876, 0.7578, 0.7308, 0.7097, 0.6871, 0.6699, 0.6178, 0.5829, 0.5385, 0.5025, 0.4735, 0.4498, 0.4264, 0.3726, 0.3263, 0.2966, 0.2656, 0.2424, 0.2207, 0.2061, 0.1899, 0.1818, 0.1747, 0.1703, 0.1634, 0.1619, 0.1538, 0.1535, 0.1535, 0.1457, 0.1507, 0.151, 0.1577, 0.1581, 0.157, 0.1611, 0.1722, 0.1789, 0.1821, 0.1934, 0.199, 0.2037, 0.2122, 0.2212, 0.2362, 0.2532, 0.279, 0.3145, 0.3383, 0.3649, 0.3912, 0.4167, 0.4408, 0.4708, 0.4936, 0.5292, 0.5549, 0.5834, 0.612, 0.6393, 0.6774, 0.6993, 0.7226, 0.7565, 0.783, 0.81, 0.8359, 0.8594, 0.8653, 0.8772, 0.8832, 0.8923, 0.9047, 0.912, 0.9246, 0.926, 0.9268, 0.9274, 0.9332, 0.9263, 0.9296, 0.9172, 0.9245, 0.9033, 0.9026, 0.8955, 0.8963, 0.884, 0.8858, 0.8825, 0.8604, 0.8557, 0.8606, 0.8428, 0.8448, 0.8497, 0.8603, 0.8573, 0.8529, 0.8052, 0.8088, 0.7899, 0.7827, 0.7886, 0.7665, 0.7626, 0.7687, 0.7646, 0.7583, 0.7704, 0.7755, 0.8216, 0.868
BTW11_gp4, MRCSTPSPNHSSPPNIKAQHREKKRRSIRRKKIDLPCGCAYLIHLNCRNHGFTHRGTHYCNSGNEWRVYLEPPQPSVLHHTGTPQTTVHNEQRRDTPANQIQPQPAESSRSSQVFYQLEDLDWFTASDIAFLESVQDTDHEVHQPSRNSHN, 0.937, 0.9465, 0.9623, 0.9554, 0.9522, 0.9408, 0.9397, 0.9392, 0.9321, 0.9326, 0.9098, 0.8916, 0.8706, 0.866, 0.8556, 0.8558, 0.8283, 0.8098, 0.794, 0.7711, 0.7462, 0.7304, 0.7096, 0.6773, 0.6326, 0.5868, 0.5437, 0.5275, 0.4779, 0.4467, 0.4168, 0.3848, 0.3629, 0.3167, 0.2904, 0.2635, 0.2487, 0.2213, 0.2011, 0.1746, 0.1521, 0.1395, 0.1332, 0.1241, 0.1206, 0.118, 0.1197, 0.1197, 0.1219, 0.1245, 0.1277, 0.1264, 0.1329, 0.1392, 0.152, 0.1562, 0.161, 0.1672, 0.1733, 0.1851, 0.1938, 0.2068, 0.2213, 0.2402, 0.2578, 0.2865, 0.3183, 0.3424, 0.3733, 0.4097, 0.4329, 0.4639, 0.5019, 0.5235, 0.5549, 0.5721, 0.598, 0.6301, 0.643, 0.6661, 0.6927, 0.7165, 0.7351, 0.7682, 0.7833, 0.8048, 0.8273, 0.8478, 0.8658, 0.8784, 0.8864, 0.8951, 0.8939, 0.897, 0.9091, 0.9058, 0.9159, 0.9109, 0.9199, 0.9144, 0.9097, 0.9001, 0.896, 0.8769, 0.867, 0.8369, 0.826, 0.8053, 0.7813, 0.7678, 0.7474, 0.7232, 0.7044, 0.6983, 0.682, 0.6651, 0.6395, 0.6279, 0.5862, 0.5717, 0.5699, 0.5403, 0.5353, 0.5189, 0.522, 0.524, 0.5378, 0.557, 0.579, 0.5959, 0.6117, 0.6326, 0.6478, 0.6629, 0.6866, 0.7064, 0.7322, 0.7604, 0.7791, 0.8013, 0.8169, 0.8336, 0.8474, 0.8534, 0.8593, 0.8612, 0.8573, 0.8548, 0.8676, 0.9022, 0.9272
D1Q92_gp4, MRSSSPSKDHCTQVPIKVQHREAKRRNRRRRVDLECGCSYYLSINCHNHGFTHRGTHHCSSSMEWRLYLGDSKSPLFQAPQPRRPSIHDEHGHTHDQDPIQLQPPESSGSAQMFSDLPNLDDLTPSDWSFLKGIQDPSPQVSQQYRCNIN, 0.8999, 0.9397, 0.9291, 0.9191, 0.9068, 0.8808, 0.8862, 0.8661, 0.8843, 0.9027, 0.8949, 0.8801, 0.8882, 0.8803, 0.8776, 0.888, 0.8767, 0.8789, 0.8808, 0.8642, 0.8528, 0.8449, 0.8358, 0.8268, 0.8161, 0.8001, 0.7868, 0.7792, 0.7617, 0.7592, 0.748, 0.7638, 0.7748, 0.8054, 0.8156, 0.8471, 0.8783, 0.886, 0.9314, 0.8848, 0.8916, 0.896, 0.9029, 0.9136, 0.9041, 0.9095, 0.9328, 0.925, 0.9399, 0.9459, 0.9388, 0.9373, 0.9336, 0.9256, 0.9258, 0.9222, 0.9026, 0.8947, 0.8985, 0.8983, 0.894, 0.8852, 0.8726, 0.8666, 0.8515, 0.8501, 0.8555, 0.8516, 0.8516, 0.8498, 0.8464, 0.8549, 0.8625, 0.8698, 0.8632, 0.8713, 0.8763, 0.8679, 0.8745, 0.8788, 0.8857, 0.8845, 0.8841, 0.8846, 0.8883, 0.8977, 0.9095, 0.9091, 0.9135, 0.9194, 0.9292, 0.9284, 0.9335, 0.9308, 0.9344, 0.9406, 0.9428, 0.944, 0.9422, 0.9339, 0.9356, 0.9373, 0.9316, 0.9308, 0.9229, 0.9267, 0.9225, 0.9238, 0.9306, 0.9167, 0.9119, 0.8975, 0.8963, 0.8885, 0.8769, 0.8869, 0.8854, 0.8615, 0.877, 0.8777, 0.8584, 0.8687, 0.8717, 0.8646, 0.8745, 0.8921, 0.8925, 0.9063, 0.8984, 0.8959, 0.8997, 0.9059, 0.9156, 0.9244, 0.9251, 0.9296, 0.9256, 0.9216, 0.9265, 0.9193, 0.9226, 0.9307, 0.9339, 0.9393, 0.9518, 0.9384, 0.9384, 0.9547, 1.0, 1.0
BYVDV_gp5, MQSSSPSPNHCTRVPIKVQHREAKRRIRRRRVDLECGCTYYLGINCHNLGFSHRGTHHCSSFNEWRLYLEGSKSPLFQNPQPRQRSIHDEHGHPNNEDPIQLQPSESSGSAQVFSNLPNLDDLTPSDWSFLKGIQNPSPQISQQSRCNLN, 0.8579, 0.8701, 0.8444, 0.8178, 0.7871, 0.7664, 0.7381, 0.7197, 0.6971, 0.6607, 0.6514, 0.6218, 0.5982, 0.574, 0.5464, 0.526, 0.5024, 0.4816, 0.4656, 0.4413, 0.4167, 0.4035, 0.3861, 0.3768, 0.3809, 0.3945, 0.3996, 0.407, 0.4219, 0.4429, 0.4529, 0.459, 0.443, 0.444, 0.4292, 0.4194, 0.4079, 0.3934, 0.415, 0.3992, 0.3836, 0.4042, 0.3801, 0.3982, 0.3879, 0.3843, 0.4028, 0.3916, 0.3868, 0.3781, 0.3727, 0.3793, 0.387, 0.3791, 0.3639, 0.3602, 0.3571, 0.3592, 0.3484, 0.3505, 0.352, 0.3471, 0.361, 0.3787, 0.3949, 0.4237, 0.4474, 0.4706, 0.4934, 0.5157, 0.5319, 0.5448, 0.5631, 0.5823, 0.5967, 0.6192, 0.6525, 0.6739, 0.6959, 0.7179, 0.7385, 0.7573, 0.7748, 0.7887, 0.801, 0.8153, 0.8387, 0.8505, 0.8623, 0.869, 0.877, 0.8823, 0.8846, 0.8878, 0.8915, 0.8958, 0.8977, 0.9033, 0.9037, 0.8944, 0.8934, 0.8956, 0.8942, 0.9036, 0.8986, 0.9007, 0.8967, 0.8994, 0.9057, 0.8937, 0.8888, 0.8706, 0.8697, 0.868, 0.8629, 0.87, 0.8657, 0.8518, 0.8611, 0.8611, 0.8477, 0.8398, 0.8339, 0.8241, 0.8291, 0.8316, 0.8375, 0.8285, 0.8385, 0.8417, 0.8519, 0.8643, 0.8704, 0.8777, 0.8802, 0.8952, 0.8926, 0.8948, 0.9118, 0.9111, 0.9186, 0.9243, 0.918, 0.9089, 0.9012, 0.8844, 0.8866, 0.9088, 0.9439, 0.9754
C5Y56_gp4, MRSSYSSPPPSSVQIQIPPQKLIHKKAKAPKRRKRINCPCQCIIYRHPDCEHGFSHRGYNHCTPGQFRDMVRRTEEPNQCQHRQGLGHLPNIQQRIPGHSQVQPQPEESTGTSQMLDNIQDLDDLEELWEEIFRT, 0.9162, 0.9244, 0.9237, 0.919, 0.9239, 0.9105, 0.8988, 0.8887, 0.8785, 0.8788, 0.8844, 0.8817, 0.8813, 0.8765, 0.8659, 0.852, 0.8425, 0.8316, 0.8309, 0.8143, 0.7942, 0.7867, 0.7721, 0.7495, 0.7225, 0.6908, 0.6567, 0.6326, 0.6055, 0.5991, 0.5651, 0.5358, 0.5114, 0.4799, 0.4344, 0.3986, 0.3628, 0.3478, 0.3179, 0.3172, 0.2766, 0.2665, 0.2419, 0.2276, 0.2102, 0.2064, 0.2066, 0.1956, 0.1961, 0.2071, 0.2139, 0.227, 0.2403, 0.2455, 0.2693, 0.2935, 0.3149, 0.3312, 0.3407, 0.3482, 0.369, 0.4054, 0.4245, 0.4479, 0.4662, 0.4897, 0.5146, 0.5529, 0.5727, 0.595, 0.6072, 0.626, 0.6513, 0.6725, 0.6925, 0.7076, 0.7325, 0.7463, 0.7658, 0.7755, 0.7958, 0.8113, 0.8212, 0.8309, 0.8494, 0.8551, 0.866, 0.8836, 0.8883, 0.8932, 0.8987, 0.8982, 0.8987, 0.9092, 0.9031, 0.9085, 0.9107, 0.9116, 0.9076, 0.9119, 0.9107, 0.9055, 0.9011, 0.8987, 0.8882, 0.8799, 0.8642, 0.8539, 0.839, 0.8225, 0.8023, 0.7799, 0.7551, 0.7326, 0.6997, 0.6754, 0.6475, 0.6281, 0.6005, 0.5669, 0.5541, 0.5362, 0.5235, 0.5134, 0.5009, 0.4909, 0.4759, 0.4563, 0.4295, 0.4054, 0.3849, 0.3571, 0.327, 0.2998, 0.2827
SMMV_gp4, MRSSTPSKSHCSPPNIKAQHRDAKRHRATRRRRIDCPCGCSIYVHLDCTDHGFSHRGVTHTIGTRAWRVYLGGEQSPLFQTPPGRLWGDGSPIRRDEHSNNVQQLCQEEVGDSQMLPGFKDLSPLTESELEIFSSFQVFNDVVLE, 0.9275, 0.9488, 0.9473, 0.9371, 0.9231, 0.9, 0.8932, 0.8885, 0.8784, 0.8805, 0.8797, 0.8588, 0.8444, 0.8395, 0.8434, 0.8434, 0.8258, 0.8135, 0.8055, 0.7854, 0.7641, 0.7413, 0.7356, 0.7242, 0.6953, 0.6622, 0.6388, 0.6062, 0.5889, 0.5567, 0.5327, 0.5057, 0.4681, 0.4323, 0.3994, 0.3671, 0.3318, 0.315, 0.2719, 0.2412, 0.2016, 0.1808, 0.1645, 0.1587, 0.1496, 0.1493, 0.1407, 0.1406, 0.1413, 0.1416, 0.1371, 0.1329, 0.1216, 0.1273, 0.1277, 0.1311, 0.1236, 0.1222, 0.1259, 0.1268, 0.1344, 0.1372, 0.137, 0.1485, 0.1625, 0.1787, 0.1989, 0.2243, 0.2553, 0.2882, 0.3245, 0.3584, 0.4022, 0.4284, 0.4466, 0.4754, 0.5057, 0.5272, 0.5513, 0.5747, 0.5878, 0.6151, 0.6418, 0.6569, 0.6725, 0.6949, 0.7158, 0.7381, 0.7494, 0.7689, 0.7753, 0.7955, 0.7959, 0.8078, 0.8176, 0.8298, 0.8511, 0.8482, 0.8453, 0.8453, 0.8647, 0.8588, 0.8544, 0.8768, 0.8538, 0.8614, 0.8707, 0.8604, 0.8607, 0.8669, 0.8623, 0.8554, 0.85, 0.8536, 0.8312, 0.8183, 0.7819, 0.7727, 0.7519, 0.7271, 0.7026, 0.6935, 0.6737, 0.6571, 0.6196, 0.6241, 0.5965, 0.5605, 0.5535, 0.5391, 0.5225, 0.5242, 0.5091, 0.5015, 0.4962, 0.4816, 0.485, 0.4932, 0.4912, 0.4868, 0.5084, 0.5243, 0.5509, 0.5636, 0.5882
MYVChMV_gp4, MRSSSPSKDHCTQIPIKVQHREAKRVHRRRRVDLNCGCSYYLSINCHNHGFTHRGTHHCSSSMEWRLYLGRSKSPLFQDPQPRQPSIHEQHGHNKDQDPIQLQPTESSGSAQVFSDLPNLDDLTPSDWSFLKGIQNPSPQVYQQSRSNLT, 0.8719, 0.9089, 0.8869, 0.8572, 0.8127, 0.7784, 0.7675, 0.7461, 0.755, 0.7458, 0.7433, 0.7013, 0.7004, 0.6823, 0.6735, 0.6864, 0.6818, 0.6875, 0.7129, 0.6896, 0.6678, 0.6705, 0.6596, 0.6536, 0.6463, 0.641, 0.6486, 0.6316, 0.6479, 0.6683, 0.6757, 0.6905, 0.7103, 0.7359, 0.7152, 0.7444, 0.7776, 0.7768, 0.8364, 0.796, 0.8009, 0.8102, 0.8328, 0.8426, 0.8448, 0.8469, 0.8799, 0.8763, 0.8825, 0.8876, 0.8778, 0.8797, 0.8785, 0.8655, 0.8647, 0.8551, 0.8392, 0.8322, 0.8256, 0.8316, 0.8294, 0.8223, 0.809, 0.8046, 0.7879, 0.7948, 0.8024, 0.7999, 0.8024, 0.8045, 0.8065, 0.8109, 0.8123, 0.8232, 0.8237, 0.8341, 0.8466, 0.8429, 0.8503, 0.8546, 0.8599, 0.8637, 0.8655, 0.8656, 0.8694, 0.8745, 0.8883, 0.892, 0.8966, 0.8956, 0.9066, 0.9026, 0.9026, 0.9088, 0.9066, 0.9156, 0.9144, 0.918, 0.9159, 0.9047, 0.9094, 0.9067, 0.9055, 0.9069, 0.901, 0.9028, 0.8991, 0.898, 0.9037, 0.8901, 0.8834, 0.8675, 0.8644, 0.8601, 0.8506, 0.8524, 0.8436, 0.8255, 0.8344, 0.829, 0.8089, 0.8031, 0.7979, 0.7883, 0.7948, 0.7926, 0.8005, 0.7935, 0.8061, 0.81, 0.8224, 0.8331, 0.8439, 0.848, 0.8557, 0.8642, 0.8617, 0.8596, 0.8798, 0.8758, 0.8866, 0.8926, 0.8839, 0.8787, 0.8687, 0.8595, 0.8527, 0.8754, 0.9025, 0.9399
A1H81_gp4, MRSSSHLIDPCTQVPIKVQHREAKRRNRRRRVDLECGCSYYLSINCHNHGLTHRGTHHCSSSREWRTYLGGSKSPLFQDHQPRQPSIHDEYGHTHDQDPVQLQHSESSGTAQVFSSLPNLDDLTASDWSFLKGIQNPSPQISEQSRCNFN, 0.8209, 0.8348, 0.8183, 0.8067, 0.8062, 0.8251, 0.8196, 0.8356, 0.8563, 0.8634, 0.8889, 0.8646, 0.8772, 0.8848, 0.8786, 0.883, 0.8604, 0.868, 0.8557, 0.8489, 0.8345, 0.832, 0.8184, 0.8089, 0.7969, 0.7837, 0.7677, 0.7599, 0.7436, 0.7389, 0.7241, 0.726, 0.7434, 0.7688, 0.7698, 0.8028, 0.8463, 0.853, 0.9089, 0.8689, 0.8802, 0.8933, 0.8927, 0.9046, 0.8956, 0.9063, 0.9234, 0.92, 0.9333, 0.9388, 0.942, 0.9294, 0.9359, 0.9325, 0.9345, 0.9306, 0.9212, 0.9164, 0.9321, 0.9289, 0.9308, 0.9291, 0.916, 0.9224, 0.9177, 0.9032, 0.9019, 0.9003, 0.9055, 0.8974, 0.8909, 0.8912, 0.8946, 0.9008, 0.9009, 0.9094, 0.9174, 0.9013, 0.897, 0.9007, 0.9074, 0.9055, 0.9004, 0.9005, 0.8984, 0.9032, 0.9094, 0.9111, 0.9144, 0.9156, 0.9223, 0.9304, 0.9253, 0.927, 0.9266, 0.9371, 0.9392, 0.9399, 0.9384, 0.9312, 0.9281, 0.9253, 0.9213, 0.9302, 0.9248, 0.9276, 0.9181, 0.9184, 0.9285, 0.9196, 0.9042, 0.8944, 0.9005, 0.8988, 0.897, 0.9019, 0.9197, 0.8915, 0.9015, 0.9088, 0.8892, 0.8889, 0.8915, 0.8804, 0.8845, 0.8861, 0.8926, 0.8909, 0.8964, 0.8938, 0.9013, 0.9119, 0.9248, 0.9335, 0.9326, 0.9477, 0.9435, 0.9463, 0.9659, 0.9602, 0.9669, 0.9679, 0.9768, 0.9711, 0.9673, 0.9547, 0.9601, 0.9826, 1.0, 1.0
PaLCVgp5, MRSSSPSKAHSTQVPIKVQHRLAKKRNRRRRVDLPCGCSYFIALACHNYGFTHRGTHHCSSSREWRVYLGDSKSPVFQDNRTPQPSIHNERRHNQSPNTVQLQPEESVGDAQMFSSLPNLDDFTASDWSFLRGL, 0.8869, 0.901, 0.8913, 0.8758, 0.8465, 0.8204, 0.8039, 0.7821, 0.7686, 0.7416, 0.7237, 0.7072, 0.6937, 0.6678, 0.6505, 0.6562, 0.634, 0.6178, 0.6213, 0.5941, 0.5686, 0.5524, 0.5413, 0.5218, 0.491, 0.4615, 0.4286, 0.4104, 0.3963, 0.3884, 0.3687, 0.3436, 0.3174, 0.2843, 0.2502, 0.2407, 0.209, 0.1902, 0.1579, 0.1401, 0.13, 0.1263, 0.1256, 0.1258, 0.1266, 0.1309, 0.1248, 0.1253, 0.1285, 0.1299, 0.1241, 0.1285, 0.1308, 0.1391, 0.1436, 0.1491, 0.156, 0.1711, 0.1923, 0.1984, 0.2148, 0.2334, 0.2511, 0.2675, 0.2876, 0.3148, 0.334, 0.3625, 0.3892, 0.4149, 0.4379, 0.4638, 0.4921, 0.5169, 0.545, 0.573, 0.6105, 0.6395, 0.6699, 0.6987, 0.7256, 0.7548, 0.7862, 0.7957, 0.8231, 0.8467, 0.8653, 0.8744, 0.8851, 0.8882, 0.8959, 0.8987, 0.8976, 0.912, 0.9184, 0.9171, 0.9292, 0.9334, 0.928, 0.9243, 0.9302, 0.9268, 0.9245, 0.9233, 0.9154, 0.9111, 0.9062, 0.8967, 0.8901, 0.8793, 0.8646, 0.8523, 0.8468, 0.8346, 0.8344, 0.8206, 0.8075, 0.7842, 0.7824, 0.7722, 0.7551, 0.7378, 0.7039, 0.6961, 0.6769, 0.6532, 0.6399, 0.5994, 0.5941, 0.5811, 0.5633, 0.5602, 0.5823, 0.6081
MLCGV_gp4, MQNSSPSRGHSTLVPIKVQHRIAKKKSIRRRRIDLNCGCSYYISINCHNDGFTHRGTHHCSSSREWRVYLDGTKSPIFQDNASPQQTLQHEPRHNTCTNPIQSQPEESIGDTSVFSELPDLDSFTSSDIAFLKSL, 0.8902, 0.918, 0.9113, 0.8908, 0.8637, 0.8312, 0.8123, 0.7896, 0.7838, 0.7667, 0.7518, 0.7382, 0.725, 0.6978, 0.6761, 0.6823, 0.677, 0.6715, 0.6822, 0.6507, 0.6372, 0.6333, 0.6335, 0.6141, 0.5961, 0.5822, 0.5747, 0.5886, 0.5657, 0.5623, 0.565, 0.5585, 0.5597, 0.5649, 0.5669, 0.5439, 0.5255, 0.5208, 0.5115, 0.5395, 0.5233, 0.5193, 0.528, 0.545, 0.5511, 0.5512, 0.5472, 0.5647, 0.5639, 0.5518, 0.5412, 0.5254, 0.5313, 0.5391, 0.5271, 0.5158, 0.5005, 0.4946, 0.4865, 0.4853, 0.4868, 0.4836, 0.4825, 0.4805, 0.4943, 0.4961, 0.5103, 0.5212, 0.5363, 0.5584, 0.584, 0.6079, 0.627, 0.6444, 0.6662, 0.6824, 0.6966, 0.7241, 0.7415, 0.7613, 0.7845, 0.803, 0.8274, 0.8416, 0.8455, 0.8635, 0.8676, 0.8845, 0.8911, 0.9009, 0.9094, 0.9176, 0.9202, 0.9165, 0.9235, 0.9194, 0.9319, 0.9326, 0.9356, 0.9331, 0.9343, 0.9313, 0.9335, 0.9348, 0.922, 0.9097, 0.8988, 0.8911, 0.8795, 0.8731, 0.8693, 0.8577, 0.8467, 0.8412, 0.8396, 0.8338, 0.8259, 0.8182, 0.7878, 0.7839, 0.7683, 0.7307, 0.7257, 0.7017, 0.7012, 0.7005, 0.6787, 0.655, 0.6248, 0.6199, 0.5978, 0.5791, 0.5843, 0.5946, 0.6045
D1Q98_sAgp4, MHHSSPSSAHSTQVPIKVSHRLGKRKPIRRKRIDLNCGCTYFLHINCTNHGFTHRGEHHCSSGQEWRLYLGNIKSPVFQDPQPRRPTNVPTMGHNQNTSEIQPQPEEGIGDSQMFIDLPGLDELTPSDFSFLKSI, 0.9111, 0.9378, 0.9339, 0.9138, 0.8975, 0.8809, 0.8665, 0.8522, 0.8411, 0.8195, 0.8112, 0.7992, 0.7917, 0.7682, 0.7614, 0.7625, 0.7354, 0.7316, 0.7219, 0.7016, 0.6601, 0.6346, 0.6238, 0.5921, 0.5691, 0.5427, 0.5368, 0.5374, 0.5159, 0.5031, 0.4792, 0.4613, 0.4333, 0.4017, 0.3814, 0.3321, 0.3017, 0.2726, 0.2566, 0.2426, 0.228, 0.2165, 0.2195, 0.2184, 0.2234, 0.2143, 0.2154, 0.2211, 0.2194, 0.2136, 0.213, 0.2043, 0.2091, 0.2094, 0.2133, 0.208, 0.2001, 0.2002, 0.2077, 0.2139, 0.22, 0.2276, 0.2294, 0.2322, 0.2427, 0.2521, 0.2709, 0.2894, 0.3155, 0.3462, 0.3741, 0.3996, 0.4248, 0.4546, 0.4742, 0.503, 0.5235, 0.5559, 0.5793, 0.6021, 0.6318, 0.6608, 0.6863, 0.7163, 0.7421, 0.7705, 0.7925, 0.8193, 0.8285, 0.8511, 0.8652, 0.8773, 0.8903, 0.8926, 0.9057, 0.9029, 0.9174, 0.9117, 0.9205, 0.9196, 0.9204, 0.9173, 0.9249, 0.9123, 0.9176, 0.9046, 0.9017, 0.9019, 0.8937, 0.8861, 0.8854, 0.8769, 0.8661, 0.8598, 0.8482, 0.8406, 0.8456, 0.8493, 0.8274, 0.8238, 0.8065, 0.7851, 0.7643, 0.7434, 0.7352, 0.7319, 0.7045, 0.6961, 0.6797, 0.6849, 0.6717, 0.6686, 0.6861, 0.7186, 0.7309
KM482_gp4, MRPSSPSKAHSTQVPIKVQHRLAKKGTRRRRVDLDCGCSYFIALRCHGYGFTHRGTHHCSSSREWRVYLGNSKSPVFQDNRAPQPGLSEKPRHPHRPDTVQSPPAENFGDTQMFPNLPNLDDFTASDWSFLKGLQNPGA, 0.8835, 0.9113, 0.9043, 0.8927, 0.8454, 0.8154, 0.7886, 0.7706, 0.759, 0.7315, 0.7206, 0.704, 0.6862, 0.6718, 0.645, 0.6383, 0.6178, 0.5823, 0.5582, 0.5225, 0.4804, 0.43, 0.389, 0.3564, 0.3216, 0.2997, 0.2867, 0.2782, 0.2731, 0.2605, 0.2437, 0.2249, 0.2089, 0.1899, 0.1782, 0.1716, 0.153, 0.1464, 0.1255, 0.1202, 0.1169, 0.1194, 0.122, 0.1267, 0.1332, 0.1388, 0.1332, 0.15, 0.1525, 0.1601, 0.16, 0.1697, 0.1758, 0.1858, 0.1874, 0.1879, 0.1923, 0.2025, 0.2168, 0.2188, 0.232, 0.2462, 0.2573, 0.2667, 0.2821, 0.3058, 0.3187, 0.3418, 0.3644, 0.3863, 0.4089, 0.4294, 0.4552, 0.4786, 0.5059, 0.5266, 0.5624, 0.5921, 0.6184, 0.6393, 0.6663, 0.6939, 0.7228, 0.7474, 0.7721, 0.795, 0.8123, 0.8321, 0.8438, 0.8457, 0.8629, 0.874, 0.8813, 0.896, 0.9046, 0.9046, 0.9019, 0.9136, 0.907, 0.8997, 0.9021, 0.9036, 0.8942, 0.8974, 0.8803, 0.8848, 0.89, 0.8769, 0.8778, 0.8708, 0.8596, 0.8563, 0.849, 0.8322, 0.8395, 0.8255, 0.8282, 0.8156, 0.8109, 0.8094, 0.7871, 0.7837, 0.7748, 0.7724, 0.7655, 0.7658, 0.7672, 0.7626, 0.7659, 0.7665, 0.7703, 0.7789, 0.7835, 0.7767, 0.7812, 0.796, 0.8046, 0.8084, 0.857
EMVP_sAgp3, MLNSSSSTPPSIKPQHRIAKKRAIRRRRIDLNCGCSIFLHINCADNGFTHRGEHHCVSGREFRFYLGGSKSPLFQDNQSRGSSSYVGQSIPRPNPVQLQPQEGVESTPSLPELPSLDDISSSFWDELFKSL, 0.9338, 0.9237, 0.9274, 0.9142, 0.9004, 0.8893, 0.8723, 0.855, 0.8196, 0.7981, 0.7828, 0.7706, 0.7439, 0.7382, 0.7372, 0.7313, 0.7264, 0.7102, 0.7196, 0.7066, 0.7045, 0.7101, 0.694, 0.7213, 0.7205, 0.7078, 0.7078, 0.7058, 0.7207, 0.7466, 0.7721, 0.761, 0.7521, 0.7649, 0.7141, 0.7599, 0.711, 0.7163, 0.7361, 0.7558, 0.7714, 0.7742, 0.7588, 0.775, 0.7777, 0.7815, 0.7777, 0.7644, 0.7611, 0.7749, 0.7548, 0.7436, 0.7495, 0.7324, 0.7117, 0.6902, 0.6862, 0.6917, 0.6651, 0.653, 0.6565, 0.6474, 0.6662, 0.6752, 0.6916, 0.7045, 0.7154, 0.7275, 0.7465, 0.7617, 0.7804, 0.7796, 0.7896, 0.8213, 0.8207, 0.8237, 0.8437, 0.8564, 0.8688, 0.8801, 0.885, 0.887, 0.9021, 0.906, 0.9139, 0.9039, 0.9069, 0.9074, 0.9109, 0.9132, 0.9068, 0.9199, 0.9105, 0.9172, 0.9099, 0.9078, 0.8983, 0.9, 0.8925, 0.8896, 0.886, 0.8868, 0.8917, 0.8866, 0.8728, 0.868, 0.8614, 0.8473, 0.8481, 0.8302, 0.806, 0.8053, 0.7825, 0.7512, 0.7417, 0.7161, 0.6928, 0.6663, 0.6291, 0.6106, 0.601, 0.5751, 0.5417, 0.5187, 0.5098, 0.4989, 0.4749, 0.4495, 0.4314, 0.4137, 0.3973
CCL36_gp5, MKPLGPGHYKIQSSPKSAVLSLIKIQKRPRKVNLPCKCHFTIHHECNQGFSHRGTYHASTGDEFCSRGFSTESTILQTPLVREVRNGIPTQSPDQIQPQPPQILESSQVLDGFDDHWITQDIDWRPFFESLEEPSGLGNQKTIFSLN, 0.5866, 0.6523, 0.7, 0.7473, 0.7551, 0.6981, 0.7625, 0.7435, 0.737, 0.7394, 0.7597, 0.7511, 0.758, 0.7526, 0.7606, 0.8001, 0.7601, 0.7636, 0.7669, 0.755, 0.7797, 0.7884, 0.7791, 0.767, 0.7545, 0.7472, 0.7487, 0.7407, 0.7092, 0.7041, 0.6723, 0.6512, 0.6351, 0.6043, 0.592, 0.5859, 0.5485, 0.5434, 0.5414, 0.526, 0.5278, 0.5219, 0.5361, 0.537, 0.5427, 0.5572, 0.5718, 0.5682, 0.5664, 0.5701, 0.607, 0.633, 0.6463, 0.6691, 0.6754, 0.6881, 0.7125, 0.7316, 0.7481, 0.7606, 0.7547, 0.774, 0.7789, 0.7779, 0.7922, 0.7998, 0.798, 0.7979, 0.7946, 0.806, 0.8082, 0.8002, 0.8051, 0.8158, 0.8158, 0.8183, 0.8116, 0.8185, 0.8155, 0.8195, 0.8226, 0.8304, 0.8317, 0.8389, 0.8444, 0.8551, 0.8525, 0.8545, 0.8676, 0.8818, 0.888, 0.8999, 0.8993, 0.9109, 0.9096, 0.8973, 0.8961, 0.8932, 0.8976, 0.8931, 0.8968, 0.901, 0.8853, 0.8831, 0.8911, 0.8779, 0.8812, 0.8732, 0.8766, 0.8578, 0.853, 0.8664, 0.843, 0.8367, 0.8343, 0.8217, 0.8147, 0.8234, 0.8101, 0.8084, 0.8078, 0.8206, 0.8138, 0.8168, 0.8194, 0.8203, 0.82, 0.8334, 0.8444, 0.8435, 0.8586, 0.8703, 0.8849, 0.9052, 0.9121, 0.927, 0.9342, 0.9283, 0.9359, 0.9362, 0.9351, 0.9251, 0.9219, 0.927, 0.9472, 1.0, 1.0
KM641_gp4, MRSLSPLKDHCTPVPIKVQHREAKRRNRRRRVDLECGCSYYLSINCFNHGFTHRGTHHCSSSMEWRIYLGSSKSPLFQNPQPPRTSIHEQHGHNNNQDPIQLQPSESSGSAQVFSDLPNLDDLTPSDWSFLKGIENPSHQISKQSRSNLT, 0.8542, 0.9134, 0.8964, 0.904, 0.8884, 0.8799, 0.8959, 0.8818, 0.8909, 0.895, 0.8957, 0.8775, 0.881, 0.8951, 0.879, 0.8827, 0.8639, 0.8603, 0.8553, 0.8485, 0.8369, 0.8297, 0.8209, 0.8091, 0.7977, 0.7791, 0.7555, 0.7592, 0.751, 0.7489, 0.7441, 0.7158, 0.7366, 0.731, 0.7163, 0.7007, 0.7028, 0.6953, 0.732, 0.694, 0.6763, 0.6832, 0.703, 0.7088, 0.7219, 0.727, 0.7319, 0.7414, 0.7487, 0.7535, 0.7442, 0.7503, 0.7569, 0.7521, 0.7603, 0.7534, 0.7408, 0.7355, 0.7344, 0.7479, 0.7495, 0.7477, 0.7416, 0.7362, 0.7274, 0.7373, 0.7474, 0.7502, 0.7545, 0.7606, 0.7682, 0.7775, 0.7893, 0.8029, 0.8098, 0.8223, 0.838, 0.8341, 0.8466, 0.8505, 0.855, 0.8638, 0.8669, 0.8609, 0.8773, 0.8839, 0.8978, 0.9009, 0.9058, 0.9057, 0.9187, 0.9172, 0.9166, 0.9235, 0.9252, 0.9301, 0.9305, 0.9355, 0.9303, 0.9222, 0.9234, 0.9242, 0.9223, 0.9294, 0.9212, 0.9256, 0.9189, 0.9199, 0.925, 0.9136, 0.9048, 0.8866, 0.8867, 0.8894, 0.8793, 0.8854, 0.877, 0.8589, 0.8706, 0.8704, 0.8506, 0.8472, 0.8416, 0.8299, 0.8359, 0.8371, 0.8423, 0.841, 0.8531, 0.8553, 0.8671, 0.8763, 0.8841, 0.8939, 0.8982, 0.912, 0.9143, 0.9119, 0.9219, 0.9206, 0.9256, 0.9282, 0.9243, 0.9162, 0.9033, 0.9003, 0.8923, 0.9192, 0.9439, 0.9865
