protein_ID,AA_seq,ratio,coverage,PADDLE_mean,PADDLE_median,TADA_mean,TADA_median,metapredict_mean,metapredict_median
A152D,VDSWLFPNSDKNNNNQNNGLLFSDEYLNLVDYNSSMDYKFTGEYSQHQQNCSVPQTSYGGDRVVPLKLE,0.8997568130018571,0.0008624936432435,0.5387582894638753,0.5396329357981304,0.6051006784458858,0.6137953420368041,0.9072057971014494,0.8944
A152P,VPSWLFPNSDKNNNNQNNGLLFSDEYLNLVDYNSSMDYKFTGEYSQHQQNCSVPQTSYGGDRVVPLKLE,0.9147754847474718,0.0012216099286266,0.5306086830417217,0.5333879459877544,0.6043964322924034,0.613406508956279,0.9046028985507245,0.8945
A152W,VWSWLFPNSDKNNNNQNNGLLFSDEYLNLVDYNSSMDYKFTGEYSQHQQNCSVPQTSYGGDRVVPLKLE,1.1140429645474137,0.0040294344196833,0.5308312864105635,0.5336520283309242,0.6028391494567604,0.6125535545433978,0.8967420289855073,0.8881
C201D,VASWLFPNSDKNNNNQNNGLLFSDEYLNLVDYNSSMDYKFTGEYSQHQQNDSVPQTSYGGDRVVPLKLE,0.7586738085634415,0.0028610694965915,0.5711220689950374,0.570521929926517,0.6099185305225472,0.6212055445487128,0.887508695652174,0.8811
C201K,VASWLFPNSDKNNNNQNNGLLFSDEYLNLVDYNSSMDYKFTGEYSQHQQNKSVPQTSYGGDRVVPLKLE,0.9491967369313058,0.003247752792856,0.5151426673683249,0.5159603779410735,0.5939077502887004,0.6009606285395188,0.887408695652174,0.8838
C201P,VASWLFPNSDKNNNNQNNGLLFSDEYLNLVDYNSSMDYKFTGEYSQHQQNPSVPQTSYGGDRVVPLKLE,1.032606198103514,0.0027992238245425,0.5345660069377595,0.5356887180299293,0.6036189329698505,0.6135893450144323,0.8918739130434782,0.8876
C201W,VASWLFPNSDKNNNNQNNGLLFSDEYLNLVDYNSSMDYKFTGEYSQHQQNWSVPQTSYGGDRVVPLKLE,1.107947680562409,0.0002825502868918,0.5356247694335174,0.5431248419622665,0.6362221131328616,0.6520326434607432,0.9164565217391305,0.9085
D160K,VASWLFPNSKKNNNNQNNGLLFSDEYLNLVDYNSSMDYKFTGEYSQHQQNCSVPQTSYGGDRVVPLKLE,0.9525639211595796,0.0127955189351873,0.48011836440557365,0.48620229066276877,0.5946321082771501,0.6044902919587193,0.8974420289855072,0.8897
D160P,VASWLFPNSPKNNNNQNNGLLFSDEYLNLVDYNSSMDYKFTGEYSQHQQNCSVPQTSYGGDRVVPLKLE,1.1127871892672685,0.0042502063375482,0.5027004273656379,0.5073162701663384,0.5978681978232321,0.6076772796062706,0.8973579710144927,0.8867
D160W,VASWLFPNSWKNNNNQNNGLLFSDEYLNLVDYNSSMDYKFTGEYSQHQQNCSVPQTSYGGDRVVPLKLE,0.871555134316529,0.0013291321190547,0.5129491984091809,0.5198330053547824,0.598876142571909,0.6097767333275153,0.8986449275362319,0.8923
D174K,VASWLFPNSDKNNNNQNNGLLFSKEYLNLVDYNSSMDYKFTGEYSQHQQNCSVPQTSYGGDRVVPLKLE,0.7933704502661201,0.0009497133588171,0.264007265395556,0.2671932807875221,0.5018835722157045,0.49942880708219134,0.9022840579710145,0.8982
D174P,VASWLFPNSDKNNNNQNNGLLFSPEYLNLVDYNSSMDYKFTGEYSQHQQNCSVPQTSYGGDRVVPLKLE,0.9589965037091608,0.0022653012524368,0.3995778598148516,0.40446695212216777,0.5839247768032837,0.5906750119735114,0.9168246376811594,0.9219
D174W,VASWLFPNSDKNNNNQNNGLLFSWEYLNLVDYNSSMDYKFTGEYSQHQQNCSVPQTSYGGDRVVPLKLE,0.9902523319011808,0.0005680714192182,0.3653205482015927,0.37702463467409963,0.5995447385196784,0.6152149606498022,0.9033536231884058,0.8929
D181K,VASWLFPNSDKNNNNQNNGLLFSDEYLNLVKYNSSMDYKFTGEYSQHQQNCSVPQTSYGGDRVVPLKLE,0.7395456854654259,0.0053951974528741,0.30038226690773956,0.3027396941262704,0.43370285948376214,0.4274754544131038,0.8479318840579712,0.8654
D181P,VASWLFPNSDKNNNNQNNGLLFSDEYLNLVPYNSSMDYKFTGEYSQHQQNCSVPQTSYGGDRVVPLKLE,0.8027823995749529,0.002998221727411,0.3605449459170737,0.36357151329706033,0.5334334421920794,0.5340296935017451,0.9100652173913043,0.9084
D181W,VASWLFPNSDKNNNNQNNGLLFSDEYLNLVWYNSSMDYKFTGEYSQHQQNCSVPQTSYGGDRVVPLKLE,1.0920843440053951,0.0011503332604259,0.3934692899653138,0.4024117668510946,0.5986430145735325,0.6173929412607526,0.8723420289855073,0.8483
D187K,VASWLFPNSDKNNNNQNNGLLFSDEYLNLVDYNSSMKYKFTGEYSQHQQNCSVPQTSYGGDRVVPLKLE,0.6672673557698434,0.0023626893431165,0.3603531302132234,0.3618621741265814,0.4995246573697488,0.5020959404374717,0.7790275362318841,0.8132
D187P,VASWLFPNSDKNNNNQNNGLLFSDEYLNLVDYNSSMPYKFTGEYSQHQQNCSVPQTSYGGDRVVPLKLE,1.084070348308086,0.0036318981692368,0.4276547757557964,0.4305721436582351,0.5371611013149858,0.5407425415207023,0.8760217391304348,0.8821
D187W,VASWLFPNSDKNNNNQNNGLLFSDEYLNLVDYNSSMWYKFTGEYSQHQQNCSVPQTSYGGDRVVPLKLE,1.377182242436841,0.0006572948405699,0.5183736408320896,0.5266485775556823,0.5678954607194524,0.5877956361313279,0.7803681159420289,0.8133
D211K,VASWLFPNSDKNNNNQNNGLLFSDEYLNLVDYNSSMDYKFTGEYSQHQQNCSVPQTSYGGKRVVPLKLE,1.3872078988214709,0.0004405506093,0.471632875736616,0.4740386493298748,0.5895782965094218,0.598857009775427,0.8863884057971013,0.8852
D211P,VASWLFPNSDKNNNNQNNGLLFSDEYLNLVDYNSSMDYKFTGEYSQHQQNCSVPQTSYGGPRVVPLKLE,1.01909821704363,0.0014481395955044,0.47648786744101074,0.4789965133066308,0.595354939298873,0.6050683123887892,0.8923434782608697,0.8921
D211W,VASWLFPNSDKNNNNQNNGLLFSDEYLNLVDYNSSMDYKFTGEYSQHQQNCSVPQTSYGGWRVVPLKLE,0.8540765028768151,0.0099504134572314,0.4412343597650262,0.4448502586441868,0.6068047462227061,0.617547392203345,0.8839579710144927,0.878
E175D,VASWLFPNSDKNNNNQNNGLLFSDDYLNLVDYNSSMDYKFTGEYSQHQQNCSVPQTSYGGDRVVPLKLE,1.4656826704655628,0.0006104823968968,0.5560422806134951,0.558535453763628,0.6074989634986222,0.6177293892056801,0.9108188405797102,0.9045
E175K,VASWLFPNSDKNNNNQNNGLLFSDKYLNLVDYNSSMDYKFTGEYSQHQQNCSVPQTSYGGDRVVPLKLE,0.9231473529136958,0.0032581248872876,0.2713769843595308,0.2738922818441616,0.5341373521880187,0.5343325506574742,0.8927202898550725,0.8948
E175P,VASWLFPNSDKNNNNQNNGLLFSDPYLNLVDYNSSMDYKFTGEYSQHQQNCSVPQTSYGGDRVVPLKLE,1.0356665523144737,0.0021053989463236,0.4027836438906726,0.4064497485631904,0.5920747544114642,0.6002673979345247,0.9037130434782608,0.8989
E175W,VASWLFPNSDKNNNNQNNGLLFSDWYLNLVDYNSSMDYKFTGEYSQHQQNCSVPQTSYGGDRVVPLKLE,0.8065443711595258,0.0067579650690356,0.4999510509731461,0.5108607967778999,0.605105854347349,0.6222717300057529,0.8795304347826087,0.8692
E193D,VASWLFPNSDKNNNNQNNGLLFSDEYLNLVDYNSSMDYKFTGDYSQHQQNCSVPQTSYGGDRVVPLKLE,0.9165781197879947,0.0031324752793607,0.5546007729816232,0.5582309809919254,0.6191682759730344,0.6300352707654041,0.9113072463768115,0.8999
E193K,VASWLFPNSDKNNNNQNNGLLFSDEYLNLVDYNSSMDYKFTGKYSQHQQNCSVPQTSYGGDRVVPLKLE,0.753488835137575,0.0064697629229977,0.4665154154419979,0.46935132955010445,0.5534359665390346,0.5585334829877433,0.8748347826086957,0.8791
E193W,VASWLFPNSDKNNNNQNNGLLFSDEYLNLVDYNSSMDYKFTGWYSQHQQNCSVPQTSYGGDRVVPLKLE,0.8689460519465809,0.0027095536934562,0.49046148236792614,0.49889559583208787,0.652618825146196,0.6634085017768403,0.8640768115942029,0.8565
E219P,VASWLFPNSDKNNNNQNNGLLFSDEYLNLVDYNSSMDYKFTGEYSQHQQNCSVPQTSYGGDRVVPLKLP,0.9449949090686918,0.001183974307037,0.5232513370827131,0.5272772928788703,0.6019072249229709,0.6118519275009476,0.9136391304347825,0.9044
E219W,VASWLFPNSDKNNNNQNNGLLFSDEYLNLVDYNSSMDYKFTGEYSQHQQNCSVPQTSYGGDRVVPLKLW,1.2209502657857438,0.0036271115660245,0.5092623869575441,0.5152780229440043,0.6048121950313811,0.613791173634374,0.900976811594203,0.8901
F156K,VASWLKPNSDKNNNNQNNGLLFSDEYLNLVDYNSSMDYKFTGEYSQHQQNCSVPQTSYGGDRVVPLKLE,0.8805878538208984,0.0112741436127192,0.5007699934422999,0.5064478528997833,0.5979144373029872,0.6086259233378836,0.8844507246376813,0.8777
F156P,VASWLPPNSDKNNNNQNNGLLFSDEYLNLVDYNSSMDYKFTGEYSQHQQNCSVPQTSYGGDRVVPLKLE,0.8021082390361478,0.0019107586454449,0.5163736526890856,0.5202419729391868,0.6046317464860026,0.6131493832822986,0.8910130434782609,0.8801
F156W,VASWLWPNSDKNNNNQNNGLLFSDEYLNLVDYNSSMDYKFTGEYSQHQQNCSVPQTSYGGDRVVPLKLE,0.9430103592893346,0.0020994162036892,0.536170738859887,0.5388984416744229,0.60277597615594,0.612607707659474,0.9085637681159419,0.9004
F172D,VASWLFPNSDKNNNNQNNGLLDSDEYLNLVDYNSSMDYKFTGEYSQHQQNCSVPQTSYGGDRVVPLKLE,1.4059647337673953,0.0004429080946179,0.44055523632481025,0.43914609875362964,0.5377945587119844,0.5397933384185433,0.9053144927536231,0.9037
F172K,VASWLFPNSDKNNNNQNNGLLKSDEYLNLVDYNSSMDYKFTGEYSQHQQNCSVPQTSYGGDRVVPLKLE,0.9071146751229432,0.0045184883240341,0.27250072871353254,0.27174054250550295,0.4921347872319273,0.49291928773692123,0.9088014492753623,0.9099
F172P,VASWLFPNSDKNNNNQNNGLLPSDEYLNLVDYNSSMDYKFTGEYSQHQQNCSVPQTSYGGDRVVPLKLE,1.2508906920561,0.000836274658077,0.38838189451977706,0.3875988513788684,0.5412034403122553,0.5434222909495072,0.9125710144927536,0.9126
F172W,VASWLFPNSDKNNNNQNNGLLWSDEYLNLVDYNSSMDYKFTGEYSQHQQNCSVPQTSYGGDRVVPLKLE,0.9418883043208855,0.0058469340198671,0.5690392442891241,0.5752548571212307,0.6070469080295494,0.6189103489317683,0.8934855072463769,0.8883
F190D,VASWLFPNSDKNNNNQNNGLLFSDEYLNLVDYNSSMDYKDTGEYSQHQQNCSVPQTSYGGDRVVPLKLE,0.8855816328482384,0.0023764032803067,0.4272481271925981,0.42469399992548684,0.5707604158972834,0.5725190955036058,0.9081420289855073,0.8984
F190K,VASWLFPNSDKNNNNQNNGLLFSDEYLNLVDYNSSMDYKKTGEYSQHQQNCSVPQTSYGGDRVVPLKLE,0.8014519183245803,0.000543079199682,0.3603191326407833,0.35786634186441396,0.5346823530137029,0.5418271416912789,0.8933202898550725,0.8847
F190P,VASWLFPNSDKNNNNQNNGLLFSDEYLNLVDYNSSMDYKPTGEYSQHQQNCSVPQTSYGGDRVVPLKLE,0.9327509025260224,0.0042413772534877,0.39561244626197317,0.39300594622722174,0.5550071132101804,0.5586370379298401,0.897327536231884,0.8857
F190W,VASWLFPNSDKNNNNQNNGLLFSDEYLNLVDYNSSMDYKWTGEYSQHQQNCSVPQTSYGGDRVVPLKLE,1.206011918936863,0.0027311795825913,0.5403724233684719,0.5441519288267586,0.6489797172270922,0.6626486195676453,0.9003550724637681,0.8952
G169P,VASWLFPNSDKNNNNQNNPLLFSDEYLNLVDYNSSMDYKFTGEYSQHQQNCSVPQTSYGGDRVVPLKLE,1.2326429614071022,0.0025609743945128,0.5237541010857261,0.5266388589275431,0.6040102049572915,0.6126482007116527,0.8951869565217392,0.8877
G169W,VASWLFPNSDKNNNNQNNWLLFSDEYLNLVDYNSSMDYKFTGEYSQHQQNCSVPQTSYGGDRVVPLKLE,0.9508446453957348,0.0010990226181559,0.6181776419853727,0.626922624706157,0.6050112288040177,0.6185395954463896,0.9151260869565218,0.9067
G192D,VASWLFPNSDKNNNNQNNGLLFSDEYLNLVDYNSSMDYKFTDEYSQHQQNCSVPQTSYGGDRVVPLKLE,1.0154767611596376,0.0068892076016717,0.5727681467689643,0.5748758054749683,0.6580413642555992,0.674784017415486,0.8951695652173913,0.8916
G192K,VASWLFPNSDKNNNNQNNGLLFSDEYLNLVDYNSSMDYKFTKEYSQHQQNCSVPQTSYGGDRVVPLKLE,0.9339572771386158,0.0018303611208525,0.4776283953742988,0.4785425740139828,0.5754624001523834,0.5827418097598815,0.8659188405797102,0.8736
G192P,VASWLFPNSDKNNNNQNNGLLFSDEYLNLVDYNSSMDYKFTPEYSQHQQNCSVPQTSYGGDRVVPLKLE,1.0074825821162567,0.0030586830244598,0.5153749484168039,0.5167750521440865,0.6130394470925649,0.6232647823833648,0.8987768115942029,0.8909
G192W,VASWLFPNSDKNNNNQNNGLLFSDEYLNLVDYNSSMDYKFTWEYSQHQQNCSVPQTSYGGDRVVPLKLE,1.116807758302434,0.0054121231242372,0.5548708115822059,0.5623698270027466,0.7923919070093733,0.8010300591906594,0.47298550724637684,0.399
G209D,VASWLFPNSDKNNNNQNNGLLFSDEYLNLVDYNSSMDYKFTGEYSQHQQNCSVPQTSYDGDRVVPLKLE,1.0197587343750896,0.0101152569448291,0.5574548562316692,0.5603465919312546,0.6143262085456582,0.6229922437831309,0.8988536231884058,0.8958
G209K,VASWLFPNSDKNNNNQNNGLLFSDEYLNLVDYNSSMDYKFTGEYSQHQQNCSVPQTSYKGDRVVPLKLE,0.6944689652308609,0.0011393155357283,0.5018130982058674,0.5037472632582074,0.5971363677020186,0.6064753569230485,0.8948637681159419,0.892
G209P,VASWLFPNSDKNNNNQNNGLLFSDEYLNLVDYNSSMDYKFTGEYSQHQQNCSVPQTSYPGDRVVPLKLE,1.1556776090406595,0.0027396504014657,0.5206963846658841,0.5230836112272776,0.6041503867983484,0.6135180235900602,0.8950956521739131,0.8912
G209W,VASWLFPNSDKNNNNQNNGLLFSDEYLNLVDYNSSMDYKFTGEYSQHQQNCSVPQTSYWGDRVVPLKLE,1.1455667114381178,0.0024546692784621,0.4994220834791003,0.5041895404765201,0.6389137864255683,0.6503329112280639,0.9046666666666666,0.9001
G210D,VASWLFPNSDKNNNNQNNGLLFSDEYLNLVDYNSSMDYKFTGEYSQHQQNCSVPQTSYGDDRVVPLKLE,0.9038555406372742,0.0023653925481522,0.5540775800843393,0.5568887512632785,0.6148063988112619,0.6228762533450881,0.9107869565217391,0.9032
G210K,VASWLFPNSDKNNNNQNNGLLFSDEYLNLVDYNSSMDYKFTGEYSQHQQNCSVPQTSYGKDRVVPLKLE,1.111622250508323,0.0024826200380089,0.5042321415627015,0.5063786670534893,0.5974507228493106,0.6069993006675526,0.903108695652174,0.8991
G210P,VASWLFPNSDKNNNNQNNGLLFSDEYLNLVDYNSSMDYKFTGEYSQHQQNCSVPQTSYGPDRVVPLKLE,0.9440604783824093,0.0007846499448772,0.5188601707554101,0.5210142238493856,0.6046257637175321,0.6139698396103058,0.894731884057971,0.891
G210W,VASWLFPNSDKNNNNQNNGLLFSDEYLNLVDYNSSMDYKFTGEYSQHQQNCSVPQTSYGWDRVVPLKLE,1.0538894597320616,0.0026207253491222,0.49858272465340736,0.5029837320084769,0.6391310744808477,0.6495342056793706,0.8970623188405799,0.8908
H197D,VASWLFPNSDKNNNNQNNGLLFSDEYLNLVDYNSSMDYKFTGEYSQDQQNCSVPQTSYGGDRVVPLKLE,0.9646432422249672,0.0076431423033938,0.576051731258191,0.5783906012717671,0.6151780781191198,0.6258796985821902,0.9088492753623187,0.9003
H197K,VASWLFPNSDKNNNNQNNGLLFSDEYLNLVDYNSSMDYKFTGEYSQKQQNCSVPQTSYGGDRVVPLKLE,1.0908186902967538,0.0008510083186667,0.5059401393521796,0.5091087059825748,0.58977328287224,0.5965001490151376,0.8846681159420291,0.8844
H197P,VASWLFPNSDKNNNNQNNGLLFSDEYLNLVDYNSSMDYKFTGEYSQPQQNCSVPQTSYGGDRVVPLKLE,0.9098787350865836,0.0007847314661882,0.523564860949961,0.5267028543334207,0.6033931587306526,0.6128749481975421,0.9011289855072465,0.8905
H197W,VASWLFPNSDKNNNNQNNGLLFSDEYLNLVDYNSSMDYKFTGEYSQWQQNCSVPQTSYGGDRVVPLKLE,0.8521450616033492,0.0010171087123456,0.5501658019418592,0.5588493922779475,0.6743891980620301,0.6900902769131635,0.8176159420289857,0.8297
K161D,VASWLFPNSDDNNNNQNNGLLFSDEYLNLVDYNSSMDYKFTGEYSQHQQNCSVPQTSYGGDRVVPLKLE,1.109664612318971,0.0053411602840878,0.5818570345112527,0.5833711467047062,0.6099579081581983,0.6188829565729417,0.9042333333333333,0.8957
K161P,VASWLFPNSDPNNNNQNNGLLFSDEYLNLVDYNSSMDYKFTGEYSQHQQNCSVPQTSYGGDRVVPLKLE,0.8942253456098563,0.0020872410257108,0.5631936590740861,0.5654919362924419,0.607316015094633,0.6166355300247489,0.8995550724637683,0.8898
K161W,VASWLFPNSDWNNNNQNNGLLFSDEYLNLVDYNSSMDYKFTGEYSQHQQNCSVPQTSYGGDRVVPLKLE,1.1533214491554935,0.0083397743449965,0.5927129153750701,0.5976192172140186,0.6106039631349401,0.6214379495721337,0.9111826086956522,0.9047
K189D,VASWLFPNSDKNNNNQNNGLLFSDEYLNLVDYNSSMDYDFTGEYSQHQQNCSVPQTSYGGDRVVPLKLE,1.0113890140847284,0.0013317392094286,0.6262309543867329,0.6291081368364623,0.6826913558577405,0.7066912432135187,0.9164260869565217,0.9185
K189P,VASWLFPNSDKNNNNQNNGLLFSDEYLNLVDYNSSMDYPFTGEYSQHQQNCSVPQTSYGGDRVVPLKLE,1.406436368251078,0.0003524790917247,0.5970734143794904,0.6006539245168683,0.6597017119452956,0.6786265957415945,0.9120942028985509,0.9133
K189W,VASWLFPNSDKNNNNQNNGLLFSDEYLNLVDYNSSMDYWFTGEYSQHQQNCSVPQTSYGGDRVVPLKLE,1.0566290048860827,0.0095306569134363,0.682785365124092,0.6910079334826911,0.811281822441157,0.8226995886726642,0.8946971014492753,0.8847
K217D,VASWLFPNSDKNNNNQNNGLLFSDEYLNLVDYNSSMDYKFTGEYSQHQQNCSVPQTSYGGDRVVPLDLE,1.1619295249022188,0.006478038204574,0.5682851156632127,0.5676929456946448,0.6231999216177376,0.6267337137833587,0.9103130434782607,0.9057
K217P,VASWLFPNSDKNNNNQNNGLLFSDEYLNLVDYNSSMDYKFTGEYSQHQQNCSVPQTSYGGDRVVPLPLE,1.9161427903014552,0.0005104735252877,0.534663754864214,0.5373084833321015,0.6095546135597865,0.617250373162726,0.9139463768115941,0.9111
K217W,VASWLFPNSDKNNNNQNNGLLFSDEYLNLVDYNSSMDYKFTGEYSQHQQNCSVPQTSYGGDRVVPLWLE,1.2291778737038457,0.0008075588921651,0.5199721036302686,0.5238602254606043,0.6273373191233403,0.6297742076603149,0.9106362318840581,0.8976
L155K,VASWKFPNSDKNNNNQNNGLLFSDEYLNLVDYNSSMDYKFTGEYSQHQQNCSVPQTSYGGDRVVPLKLE,1.161269094796433,0.0025763756689485,0.5118577287136125,0.5170128567474576,0.5994668269603656,0.6100315375297414,0.9098927536231884,0.9011
L155P,VASWPFPNSDKNNNNQNNGLLFSDEYLNLVDYNSSMDYKFTGEYSQHQQNCSVPQTSYGGDRVVPLKLE,0.8964933527569616,0.0059527443427332,0.5267369148160593,0.5299288157433302,0.6063891585323944,0.6145572181584249,0.909321739130435,0.8984
L155W,VASWWFPNSDKNNNNQNNGLLFSDEYLNLVDYNSSMDYKFTGEYSQHQQNCSVPQTSYGGDRVVPLKLE,1.2496417512332092,0.0009927224047897,0.5317880670722671,0.5350733399730172,0.6028175545959283,0.6125634333967896,0.9173942028985508,0.906
L170D,VASWLFPNSDKNNNNQNNGDLFSDEYLNLVDYNSSMDYKFTGEYSQHQQNCSVPQTSYGGDRVVPLKLE,0.9541394879392112,0.0044787395960882,0.566676869372421,0.5668312012527005,0.588260057307867,0.5943726746930718,0.8989173913043478,0.896
L170K,VASWLFPNSDKNNNNQNNGKLFSDEYLNLVDYNSSMDYKFTGEYSQHQQNCSVPQTSYGGDRVVPLKLE,0.9529264617860788,0.00187072440282,0.40626456995345045,0.4067594494985642,0.5617169179454798,0.5658545465275961,0.8887855072463768,0.889
L170P,VASWLFPNSDKNNNNQNNGPLFSDEYLNLVDYNSSMDYKFTGEYSQHQQNCSVPQTSYGGDRVVPLKLE,1.199313918123834,0.0043030293191707,0.4943480838837633,0.49517763376268625,0.5845202184112955,0.589810535871221,0.8937231884057971,0.8925
L170W,VASWLFPNSDKNNNNQNNGWLFSDEYLNLVDYNSSMDYKFTGEYSQHQQNCSVPQTSYGGDRVVPLKLE,1.212873558855761,0.0010815571685365,0.6238370765013144,0.6306658739306319,0.6080780001913041,0.6200723009779461,0.8964260869565217,0.8899
L171D,VASWLFPNSDKNNNNQNNGLDFSDEYLNLVDYNSSMDYKFTGEYSQHQQNCSVPQTSYGGDRVVPLKLE,0.9702600372537964,0.0008202551208402,0.5596354877967057,0.560033395307611,0.5793050864939201,0.5842196810199373,0.9047536231884058,0.9023
L171K,VASWLFPNSDKNNNNQNNGLKFSDEYLNLVDYNSSMDYKFTGEYSQHQQNCSVPQTSYGGDRVVPLKLE,0.7457294178586171,0.0043133145883883,0.374663411024895,0.3752965812763912,0.5498070272867364,0.5531724286432704,0.9024971014492756,0.9
L171P,VASWLFPNSDKNNNNQNNGLPFSDEYLNLVDYNSSMDYKFTGEYSQHQQNCSVPQTSYGGDRVVPLKLE,0.9195957509155518,0.0038246824980694,0.49318146494288645,0.49388983589626956,0.5775892047108747,0.5820340321611153,0.9078797101449275,0.9026
L171W,VASWLFPNSDKNNNNQNNGLWFSDEYLNLVDYNSSMDYKFTGEYSQHQQNCSVPQTSYGGDRVVPLKLE,1.0287224069167398,0.0024096649917589,0.6573235141344309,0.6648204319005848,0.6077012096693822,0.6200896985777725,0.8941927536231884,0.8878
L177D,VASWLFPNSDKNNNNQNNGLLFSDEYDNLVDYNSSMDYKFTGEYSQHQQNCSVPQTSYGGDRVVPLKLE,0.8432887065559461,0.002540218591856,0.4445218847326304,0.4418669415915115,0.4508853056927126,0.43520681624825214,0.912495652173913,0.9109
L177K,VASWLFPNSDKNNNNQNNGLLFSDEYKNLVDYNSSMDYKFTGEYSQHQQNCSVPQTSYGGDRVVPLKLE,0.8821537813349881,0.0006374810657314,0.3048299891004306,0.3037344284097978,0.37739531127705456,0.3658817727550506,0.8854188405797101,0.8881
L177P,VASWLFPNSDKNNNNQNNGLLFSDEYPNLVDYNSSMDYKFTGEYSQHQQNCSVPQTSYGGDRVVPLKLE,0.9213106897304362,0.00388445977891,0.34813236579200313,0.3469264778432226,0.4622864998835075,0.45312284086433924,0.9166579710144926,0.9187
L177W,VASWLFPNSDKNNNNQNNGLLFSDEYWNLVDYNSSMDYKFTGEYSQHQQNCSVPQTSYGGDRVVPLKLE,0.9393645745304622,0.0036491069827019,0.6093485703002798,0.6151858415605028,0.6268510160080147,0.644088182445063,0.8980971014492752,0.8935
L179D,VASWLFPNSDKNNNNQNNGLLFSDEYLNDVDYNSSMDYKFTGEYSQHQQNCSVPQTSYGGDRVVPLKLE,0.9068322830160372,0.0043364344279592,0.42480763920600867,0.42247093359654,0.45896153215264507,0.4430989996349864,0.9182202898550725,0.9234
L179K,VASWLFPNSDKNNNNQNNGLLFSDEYLNKVDYNSSMDYKFTGEYSQHQQNCSVPQTSYGGDRVVPLKLE,0.7211429117597247,0.0024976460406391,0.3101095613601405,0.30852547316844237,0.39641613977991724,0.385007612554387,0.9030971014492755,0.8989
L179P,VASWLFPNSDKNNNNQNNGLLFSDEYLNPVDYNSSMDYKFTGEYSQHQQNCSVPQTSYGGDRVVPLKLE,0.9815796772781696,0.0016280578160025,0.3837941683477165,0.3827361072874402,0.47066952662801054,0.45965664159471026,0.9188956521739131,0.9188
L216D,VASWLFPNSDKNNNNQNNGLLFSDEYLNLVDYNSSMDYKFTGEYSQHQQNCSVPQTSYGGDRVVPDKLE,0.8165459240817683,0.0005924497509044,0.5752237403206356,0.5754604907741228,0.6002660951286268,0.6107646992966812,0.9041985507246377,0.898
L216K,VASWLFPNSDKNNNNQNNGLLFSDEYLNLVDYNSSMDYKFTGEYSQHQQNCSVPQTSYGGDRVVPKKLE,1.1280334026288188,0.0016598757888829,0.5482113229009435,0.550259557089478,0.5899533193562475,0.6029198767893815,0.9004898550724639,0.8979
L216P,VASWLFPNSDKNNNNQNNGLLFSDEYLNLVDYNSSMDYKFTGEYSQHQQNCSVPQTSYGGDRVVPPKLE,1.2215395222794516,0.0051760310781857,0.5536996640387791,0.5551912690706177,0.5963258822544911,0.6075867590057645,0.9005536231884058,0.8964
L216W,VASWLFPNSDKNNNNQNNGLLFSDEYLNLVDYNSSMDYKFTGEYSQHQQNCSVPQTSYGGDRVVPWKLE,0.9325777482850414,0.0069722756304663,0.5392279327216749,0.5420280872321148,0.610448965281946,0.6181198819201364,0.8998420289855072,0.8944
L218D,VASWLFPNSDKNNNNQNNGLLFSDEYLNLVDYNSSMDYKFTGEYSQHQQNCSVPQTSYGGDRVVPLKDE,0.7822060598758915,0.0004640607014879,0.5577591602527951,0.557759121756133,0.6031867699916041,0.6127281974188582,0.9083202898550725,0.8991
L218P,VASWLFPNSDKNNNNQNNGLLFSDEYLNLVDYNSSMDYKFTGEYSQHQQNCSVPQTSYGGDRVVPLKPE,0.9875517474931284,0.0014103376503635,0.5471615698655815,0.5483327901603803,0.59939286662888,0.6100951041969834,0.904336231884058,0.8994
L218W,VASWLFPNSDKNNNNQNNGLLFSDEYLNLVDYNSSMDYKFTGEYSQHQQNCSVPQTSYGGDRVVPLKWE,1.0035694932040755,0.006155938462557,0.5331273195091353,0.5358139592355635,0.6075356259063341,0.6156696482734952,0.9005652173913045,0.8909
LOF1,VASWLFPNSDKNNNNQNNGLHKSREYLNLVDYNSSMDYKFTGEYSQHQQNCSVPQTSYGGDRVVPLKLE,0.8862874556002391,0.0023612777328347,0.12535761608829402,0.1252969997250869,0.3064204139144707,0.2973027657901936,0.9009057971014492,0.907
LOF10,VASWLFPNSDKNKNKQRNKLLFSDEYLNLVDYNSSMDYKFTGEYSQHQQNCSVPQTSYGGDRVVPLKLE,0.8347982499491272,0.0022863755672731,0.07449976991681913,0.07609673957099199,0.2578900141910224,0.24855786168316185,0.7854333333333333,0.8071
LOF11,VASWLFPNSDKNNNNQNRGKLFRREYLNLVDYNSSMDYKFTGEYSQHQQNCSVPQTSYGGDRVVPLKLE,0.7261466899537964,0.0026693002381941,0.4817607377199901,0.4855039018852907,0.5741371128079176,0.577530246773808,0.8526202898550724,0.8688
LOF12,VASWLFPNSDKNNNNQNNGLLFSDEYLNLVDYNSSMDYKFTGEYSQHKRNCSVPQTSYGGDRVVPLKLE,0.9168100199542908,0.0013763575434917,0.48985094175361416,0.4981764536758893,0.5989011338575045,0.6093327375762655,0.8787898550724637,0.8732
LOF13,VASKKFPNSDKNNNNQNNGLLFSDEYLNLVDYNSSMDYKFTGEYSQHQQNCSVPQTSYGGDRVVPLKLE,0.8018318492793575,0.0013511262675507,0.5197606156131189,0.525283462385845,0.6012569116996582,0.6117338818380921,0.9284115942028983,0.9249
LOF14,RKSWLFPNSDKNNNNQNNGLLFSDEYLNLVDYNSSMDYKFTGEYSQHQQNCSVPQTSYGGDRVVPLKLE,0.8507461385212624,0.0016013522563996,0.4962742537770189,0.5043706176877539,0.5976936241737973,0.6091121944000178,0.9023463768115941,0.8932
LOF15,VARKLFPNSDKNNNNQNNGLLFSDEYLNLVDYNSSMDYKFTGEYSQHQQNCSVPQTSYGGDRVVPLKLE,1.162328268752444,0.0025150698989478,0.4887178640402347,0.49586400698496075,0.5964753053298044,0.6075086453447505,0.8865971014492752,0.8788
LOF16,VASWRKPNSDKNNNNQNNGLLFSDEYLNLVDYNSSMDYKFTGEYSQHQQNCSVPQTSYGGDRVVPLKLE,0.9159394272039868,0.0076614299546961,0.5083128913463866,0.5159911070249281,0.595771032162591,0.6085372286706605,0.9201492753623189,0.911
LOF3,VASWLFPNSDKNNNNQNNGLLFSDEYLNRKRYNSSMDYKFTGEYSQHQQNCSVPQTSYGGDRVVPLKLE,0.9423066049163388,0.0013952593703329,0.07637807633992919,0.07491040049385161,0.21397994423340097,0.20161934732567452,0.9176333333333335,0.9249
LOF4,VASWLFPNSDKNNNNQNNGLLFSDEKRNKVDYNSSMDYKFTGEYSQHQQNCSVPQTSYGGDRVVPLKLE,0.8174135450601843,0.0016224540816961,0.0579885906460456,0.05676097142231806,0.20012093858576496,0.1888203025195848,0.9147115942028985,0.9237
LOF5,VASWLFPNSDKNNNNQNNGLLFSDEKRNKRDYNSSMDYKFTGEYSQHQQNCSVPQTSYGGDRVVPLKLE,0.7567790828731151,0.0029437754368909,0.027890551637999833,0.026974021662688,0.157301503275158,0.1496364629825883,0.883853623188406,0.8877
LOF7,VASWLFPNSDKNNNNQNNGLLFSDEKRNKRDKRSSKDYKFTGEYSQHQQNCSVPQTSYGGDRVVPLKLE,0.5751222232497735,0.00083008259154,0.4541583876541515,0.45932844240438203,0.5923116755360854,0.6020142122012614,0.887586956521739,0.8835
LOF8,VASWLFPNSDKRKNNQNNGLLFSDEYLNLVDYNSSMDYKFTGEYSQHQQNCSVPQTSYGGDRVVPLKLE,0.6961264839975401,0.0023248219844961,0.3316735846494401,0.33496422420132954,0.568199353444346,0.579212253007437,0.852327536231884,0.851
LOF9,VASWLFPNSDKRKRKQNNGLLFSDEYLNLVDYNSSMDYKFTGEYSQHQQNCSVPQTSYGGDRVVPLKLE,0.8229934034581748,0.000825381926566,0.21751699179740439,0.22183402268669278,0.5220391378529757,0.5312337764169017,0.8686101449275363,0.8783
M186D,VASWLFPNSDKNNNNQNNGLLFSDEYLNLVDYNSSDDYKFTGEYSQHQQNCSVPQTSYGGDRVVPLKLE,1.022575394564307,0.0029245798409013,0.452683276886572,0.4518756671479847,0.584167783518233,0.589388232106585,0.9143652173913043,0.9132
M186K,VASWLFPNSDKNNNNQNNGLLFSDEYLNLVDYNSSKDYKFTGEYSQHQQNCSVPQTSYGGDRVVPLKLE,0.561248996747205,0.0002564847886986,0.3417350563192187,0.3401777512496673,0.5343338442191353,0.5336093088988162,0.8830159420289856,0.878
M186P,VASWLFPNSDKNNNNQNNGLLFSDEYLNLVDYNSSPDYKFTGEYSQHQQNCSVPQTSYGGDRVVPLKLE,0.588078403832855,0.0006025840248122,0.43109356697036255,0.43103394056512323,0.5657516015728962,0.5668572325090513,0.8915840579710145,0.8869
M186W,VASWLFPNSDKNNNNQNNGLLFSDEYLNLVDYNSSWDYKFTGEYSQHQQNCSVPQTSYGGDRVVPLKLE,0.9683635794645432,0.0033138064084857,0.616864158970337,0.6235095992647754,0.729296663287782,0.7488858342404362,0.8781695652173913,0.8748
N158D,VASWLFPDSDKNNNNQNNGLLFSDEYLNLVDYNSSMDYKFTGEYSQHQQNCSVPQTSYGGDRVVPLKLE,1.0030963640041908,0.0020354211620869,0.5461158133232554,0.5474256520686025,0.6057432542315349,0.6148539163588811,0.8910492753623188,0.884
N158K,VASWLFPKSDKNNNNQNNGLLFSDEYLNLVDYNSSMDYKFTGEYSQHQQNCSVPQTSYGGDRVVPLKLE,0.8224476295699419,0.0010210413845557,0.5073564747849826,0.5125414858350058,0.599046207137042,0.6091432419849931,0.8827072463768116,0.8699
N158P,VASWLFPPSDKNNNNQNNGLLFSDEYLNLVDYNSSMDYKFTGEYSQHQQNCSVPQTSYGGDRVVPLKLE,0.7998419310719775,0.003105992713728,0.532508095503127,0.5353916990939255,0.6040040273088303,0.6132653728804456,0.8770115942028985,0.8709
N158W,VASWLFPWSDKNNNNQNNGLLFSDEYLNLVDYNSSMDYKFTGEYSQHQQNCSVPQTSYGGDRVVPLKLE,0.7611797291708302,0.0017641652653726,0.5403053936240122,0.5450734897762533,0.6010111116975009,0.6123306512601929,0.8792753623188405,0.8748
N162D,VASWLFPNSDKDNNNQNNGLLFSDEYLNLVDYNSSMDYKFTGEYSQHQQNCSVPQTSYGGDRVVPLKLE,0.8671864651437903,0.0019203557642454,0.5489680373505812,0.5523228374915802,0.608204808583329,0.6171775348866934,0.8952521739130435,0.8856
N162K,VASWLFPNSDKKNNNQNNGLLFSDEYLNLVDYNSSMDYKFTGEYSQHQQNCSVPQTSYGGDRVVPLKLE,0.7702507723807219,0.0039256697179028,0.49060129932296226,0.4948938626748734,0.5982219808307484,0.607728709780441,0.8988304347826086,0.8919
N162P,VASWLFPNSDKPNNNQNNGLLFSDEYLNLVDYNSSMDYKFTGEYSQHQQNCSVPQTSYGGDRVVPLKLE,0.8118889120383999,0.0043314399670939,0.5262319898229076,0.5300513213144192,0.6038069924885345,0.6130215813908256,0.8940507246376812,0.8881
N162W,VASWLFPNSDKWNNNQNNGLLFSDEYLNLVDYNSSMDYKFTGEYSQHQQNCSVPQTSYGGDRVVPLKLE,0.8993564354357986,0.0023894428925415,0.5690340887956867,0.5749627170595026,0.6107588479087409,0.6206813143997704,0.8889362318840579,0.8793
N163D,VASWLFPNSDKNDNNQNNGLLFSDEYLNLVDYNSSMDYKFTGEYSQHQQNCSVPQTSYGGDRVVPLKLE,0.9184684026916858,0.0003522025039418,0.5618949932273336,0.5655227827375334,0.6089776777775885,0.6178351261968423,0.8963115942028986,0.8907
N163K,VASWLFPNSDKNKNNQNNGLLFSDEYLNLVDYNSSMDYKFTGEYSQHQQNCSVPQTSYGGDRVVPLKLE,0.899676890457816,0.0037973075672611,0.48220828053641857,0.4864011341298131,0.5968062652180435,0.6062211431675095,0.9038144927536231,0.8976
N163P,VASWLFPNSDKNPNNQNNGLLFSDEYLNLVDYNSSMDYKFTGEYSQHQQNCSVPQTSYGGDRVVPLKLE,0.9107174257871616,0.0063289036520183,0.5209272835336219,0.5243980528887797,0.6037648706879623,0.612829896191426,0.8963086956521739,0.8916
N163W,VASWLFPNSDKNWNNQNNGLLFSDEYLNLVDYNSSMDYKFTGEYSQHQQNCSVPQTSYGGDRVVPLKLE,1.0351253943399912,0.0078529558504567,0.5757465350253188,0.5831744939807502,0.6121337268268258,0.6219128114908845,0.8970362318840579,0.8953
N164P,VASWLFPNSDKNNPNQNNGLLFSDEYLNLVDYNSSMDYKFTGEYSQHQQNCSVPQTSYGGDRVVPLKLE,0.6593775788888485,0.0002993607129437,0.5249693992285248,0.5287878856847565,0.6037202804517293,0.6126119222561685,0.8959420289855071,0.892
N164W,VASWLFPNSDKNNWNQNNGLLFSDEYLNLVDYNSSMDYKFTGEYSQHQQNCSVPQTSYGGDRVVPLKLE,0.9787551522469315,0.0018379859397841,0.5867174364407478,0.5943461212959287,0.6129929204488838,0.6229207552195113,0.9140478260869566,0.9064
N165D,VASWLFPNSDKNNNDQNNGLLFSDEYLNLVDYNSSMDYKFTGEYSQHQQNCSVPQTSYGGDRVVPLKLE,1.409059630855641,0.0011902168702928,0.5598954387920848,0.5637180575232074,0.6102283174228311,0.6189359338350179,0.894695652173913,0.889
N165K,VASWLFPNSDKNNNKQNNGLLFSDEYLNLVDYNSSMDYKFTGEYSQHQQNCSVPQTSYGGDRVVPLKLE,0.8284359984577758,0.0014364501731194,0.4349355582580917,0.4376170355245116,0.5927126175125133,0.6016687429364665,0.9031057971014493,0.898
N165P,VASWLFPNSDKNNNPQNNGLLFSDEYLNLVDYNSSMDYKFTGEYSQHQQNCSVPQTSYGGDRVVPLKLE,1.0548147726104151,0.002875789208514,0.507270720249047,0.5107819307252999,0.60361412535851,0.6123378609250046,0.8912739130434784,0.8894
N165W,VASWLFPNSDKNNNWQNNGLLFSDEYLNLVDYNSSMDYKFTGEYSQHQQNCSVPQTSYGGDRVVPLKLE,0.7269595108209841,0.0040680465186083,0.559745074457778,0.5669461342296959,0.6137054326388127,0.6240174406495209,0.9111768115942029,0.9041
N167D,VASWLFPNSDKNNNNQDNGLLFSDEYLNLVDYNSSMDYKFTGEYSQHQQNCSVPQTSYGGDRVVPLKLE,1.027104304891124,0.0038308458664963,0.6218999349152643,0.6245326581239591,0.6123405085353161,0.6215165722099508,0.893508695652174,0.8871
N167K,VASWLFPNSDKNNNNQKNGLLFSDEYLNLVDYNSSMDYKFTGEYSQHQQNCSVPQTSYGGDRVVPLKLE,0.9588782282302442,0.0036070286067291,0.4046330248143535,0.40833286130364427,0.5872170412994502,0.5949349092831914,0.8968565217391307,0.8922
N167P,VASWLFPNSDKNNNNQPNGLLFSDEYLNLVDYNSSMDYKFTGEYSQHQQNCSVPQTSYGGDRVVPLKLE,1.2219949026087629,0.0016250235533189,0.515736236196183,0.5191560098541971,0.6031139369139252,0.6115035925119755,0.9003478260869565,0.8972
N167W,VASWLFPNSDKNNNNQWNGLLFSDEYLNLVDYNSSMDYKFTGEYSQHQQNCSVPQTSYGGDRVVPLKLE,1.0779913369744276,0.0026106063704579,0.5687435141814934,0.5775946252286718,0.6112734944573412,0.6232760361460408,0.9100478260869566,0.9053
N168D,VASWLFPNSDKNNNNQNDGLLFSDEYLNLVDYNSSMDYKFTGEYSQHQQNCSVPQTSYGGDRVVPLKLE,1.196481689428693,0.0008938810136344,0.6225530459438714,0.6248118856553158,0.612481364373196,0.6217904714412419,0.8949797101449275,0.888
N168K,VASWLFPNSDKNNNNQNKGLLFSDEYLNLVDYNSSMDYKFTGEYSQHQQNCSVPQTSYGGDRVVPLKLE,0.9445707735022972,0.0067349038848884,0.42789332490031756,0.4315818023790514,0.5841206680744964,0.5910826872744912,0.8831130434782608,0.8833
N168W,VASWLFPNSDKNNNNQNWGLLFSDEYLNLVDYNSSMDYKFTGEYSQHQQNCSVPQTSYGGDRVVPLKLE,1.140969753997349,0.001971765132514,0.6046109663694637,0.6144301595420669,0.6085304226967666,0.6212359000596195,0.8892884057971013,0.8762
N178D,VASWLFPNSDKNNNNQNNGLLFSDEYLDLVDYNSSMDYKFTGEYSQHQQNCSVPQTSYGGDRVVPLKLE,0.9731244712017332,0.0063030844876277,0.6200322068626944,0.6227310569539859,0.5979512151872911,0.6054237100608232,0.8999565217391304,0.8963
N178K,VASWLFPNSDKNNNNQNNGLLFSDEYLKLVDYNSSMDYKFTGEYSQHQQNCSVPQTSYGGDRVVPLKLE,0.9444852854466872,0.0070992660769176,0.40940322652038175,0.4130172540382806,0.5481492619380659,0.5494181241966323,0.8233985507246377,0.8627
N178P,VASWLFPNSDKNNNNQNNGLLFSDEYLPLVDYNSSMDYKFTGEYSQHQQNCSVPQTSYGGDRVVPLKLE,0.8372841315620164,0.0049946820577133,0.47664336227918946,0.47986368291146536,0.5986893337260686,0.6065930859452198,0.9150420289855073,0.9095
N178W,VASWLFPNSDKNNNNQNNGLLFSDEYLWLVDYNSSMDYKFTGEYSQHQQNCSVPQTSYGGDRVVPLKLE,1.5091029803893852,0.0008986135640198,0.5695910717325265,0.5806727981038917,0.6370038890360505,0.6585295408532188,0.6063159420289856,0.636
N183D,VASWLFPNSDKNNNNQNNGLLFSDEYLNLVDYDSSMDYKFTGEYSQHQQNCSVPQTSYGGDRVVPLKLE,0.9950987253355352,0.0025594389128096,0.5763101289894035,0.5782073444947055,0.6156822481500567,0.631043825098215,0.896808695652174,0.8903
N183K,VASWLFPNSDKNNNNQNNGLLFSDEYLNLVDYKSSMDYKFTGEYSQHQQNCSVPQTSYGGDRVVPLKLE,0.9855869216037044,0.0015613406249712,0.39405466473699385,0.39484517424803073,0.5456883418050745,0.5445016400920779,0.8047695652173913,0.8321
N183P,VASWLFPNSDKNNNNQNNGLLFSDEYLNLVDYPSSMDYKFTGEYSQHQQNCSVPQTSYGGDRVVPLKLE,1.045962687793582,0.0032005677574334,0.48947845562718234,0.492446037002897,0.6053256129596535,0.615048046494705,0.8838202898550725,0.8852
N183W,VASWLFPNSDKNNNNQNNGLLFSDEYLNLVDYWSSMDYKFTGEYSQHQQNCSVPQTSYGGDRVVPLKLE,1.1553114214696385,0.0033099308470547,0.621764168089114,0.6310070192945423,0.732882023898347,0.752523071502726,0.7702840579710145,0.8018
N200D,VASWLFPNSDKNNNNQNNGLLFSDEYLNLVDYNSSMDYKFTGEYSQHQQDCSVPQTSYGGDRVVPLKLE,1.13682354172469,0.0034181453109945,0.5721957296383091,0.5740982425716434,0.6061734156285723,0.6169039245795283,0.9070246376811594,0.9009
N200K,VASWLFPNSDKNNNNQNNGLLFSDEYLNLVDYNSSMDYKFTGEYSQHQQKCSVPQTSYGGDRVVPLKLE,0.8469672452383459,0.0013135281773394,0.5029078546333591,0.5069106501715,0.5886102762877902,0.5941675646005747,0.8740898550724636,0.8758
N200P,VASWLFPNSDKNNNNQNNGLLFSDEYLNLVDYNSSMDYKFTGEYSQHQQPCSVPQTSYGGDRVVPLKLE,1.2436190282807218,0.000963472803255,0.510246031223146,0.514031267978711,0.598611388066257,0.6072551169441145,0.9021507246376813,0.8953
N200W,VASWLFPNSDKNNNNQNNGLLFSDEYLNLVDYNSSMDYKFTGEYSQHQQWCSVPQTSYGGDRVVPLKLE,1.0100334252932206,0.0053057088799528,0.4709154319377849,0.4802659022247496,0.62627589341325,0.6405984056733354,0.8678115942028987,0.8674
P157D,VASWLFDNSDKNNNNQNNGLLFSDEYLNLVDYNSSMDYKFTGEYSQHQQNCSVPQTSYGGDRVVPLKLE,0.9653478484739716,0.0011225276788968,0.5439898358615219,0.5457602346424444,0.6052408622126351,0.6143501242322505,0.9054985507246377,0.9025
P157K,VASWLFKNSDKNNNNQNNGLLFSDEYLNLVDYNSSMDYKFTGEYSQHQQNCSVPQTSYGGDRVVPLKLE,0.9584907751456,0.0010009382994722,0.5076584136714195,0.5132095786474798,0.597052407135211,0.6080441393351177,0.8913840579710146,0.8877
P157W,VASWLFWNSDKNNNNQNNGLLFSDEYLNLVDYNSSMDYKFTGEYSQHQQNCSVPQTSYGGDRVVPLKLE,1.089490049156415,0.002117915271587,0.5359594692986773,0.5412252986486503,0.5983653119487399,0.6100440494561974,0.9011318840579712,0.8982
P204D,VASWLFPNSDKNNNNQNNGLLFSDEYLNLVDYNSSMDYKFTGEYSQHQQNCSVDQTSYGGDRVVPLKLE,1.3218772097098146,0.0031597341672008,0.5634038062473725,0.5671104804788878,0.6088539294460522,0.6189834929298409,0.9072565217391305,0.899
P204K,VASWLFPNSDKNNNNQNNGLLFSDEYLNLVDYNSSMDYKFTGEYSQHQQNCSVKQTSYGGDRVVPLKLE,1.0058563312150384,0.0031052449183056,0.49977491358590315,0.5024631371219157,0.5956520997357485,0.6035151159214911,0.888408695652174,0.8845
P204W,VASWLFPNSDKNNNNQNNGLLFSDEYLNLVDYNSSMDYKFTGEYSQHQQNCSVWQTSYGGDRVVPLKLE,1.1036859891094644,0.0096235894433186,0.48493294558473377,0.4909325339177677,0.6278244847604948,0.6414517430786624,0.8799739130434783,0.8681
P215D,VASWLFPNSDKNNNNQNNGLLFSDEYLNLVDYNSSMDYKFTGEYSQHQQNCSVPQTSYGGDRVVDLKLE,1.1358975758966643,0.0047685428773532,0.5661668838787243,0.567843101014278,0.6113684269696614,0.6188623598103398,0.8909811594202899,0.8809
P215K,VASWLFPNSDKNNNNQNNGLLFSDEYLNLVDYNSSMDYKFTGEYSQHQQNCSVPQTSYGGDRVVKLKLE,0.8175446601312286,0.0011205266361074,0.5185861831375377,0.5227566749559747,0.5952848471402447,0.6065702013066917,0.8531347826086957,0.8457
P215W,VASWLFPNSDKNNNNQNNGLLFSDEYLNLVDYNSSMDYKFTGEYSQHQQNCSVPQTSYGGDRVVWLKLE,0.9715236329502916,0.0023866591796853,0.4960846548319794,0.5016987466202724,0.617827668976414,0.6245592405769113,0.8009782608695651,0.7992
Q166D,VASWLFPNSDKNNNNDNNGLLFSDEYLNLVDYNSSMDYKFTGEYSQHQQNCSVPQTSYGGDRVVPLKLE,0.8798648580328301,0.0017379169675763,0.6124777189540375,0.6165456782689956,0.6114165876688269,0.620266133790687,0.8934855072463769,0.8809
Q166K,VASWLFPNSDKNNNNKNNGLLFSDEYLNLVDYNSSMDYKFTGEYSQHQQNCSVPQTSYGGDRVVPLKLE,0.921135174277778,0.0015510676735764,0.4430629979419593,0.44492630313705,0.5911660069778581,0.5995480465728152,0.8995231884057971,0.8926
Q166P,VASWLFPNSDKNNNNPNNGLLFSDEYLNLVDYNSSMDYKFTGEYSQHQQNCSVPQTSYGGDRVVPLKLE,1.0679956319920103,0.0047167814380865,0.5342432441778264,0.5376836271286075,0.6040833061969715,0.6126156883485515,0.8910014492753624,0.8887
Q166W,VASWLFPNSDKNNNNWNNGLLFSDEYLNLVDYNSSMDYKFTGEYSQHQQNCSVPQTSYGGDRVVPLKLE,0.9601909271182044,0.0020051170010636,0.6131801326637715,0.6211866207999951,0.6141676040108057,0.6252779964525593,0.9099666666666667,0.9059
Q196D,VASWLFPNSDKNNNNQNNGLLFSDEYLNLVDYNSSMDYKFTGEYSDHQQNCSVPQTSYGGDRVVPLKLE,0.7644093663457971,0.0009021934400168,0.5661627344270914,0.5689903364450184,0.6138045220408095,0.6238482755739095,0.9178550724637681,0.9095
Q196K,VASWLFPNSDKNNNNQNNGLLFSDEYLNLVDYNSSMDYKFTGEYSKHQQNCSVPQTSYGGDRVVPLKLE,0.9330373944858464,0.0075687231408161,0.5011963807694831,0.5044616522843125,0.58615121794201,0.5927723768741143,0.8866927536231886,0.8871
Q196P,VASWLFPNSDKNNNNQNNGLLFSDEYLNLVDYNSSMDYKFTGEYSPHQQNCSVPQTSYGGDRVVPLKLE,1.1410356278844584,0.001880903152418,0.5400891957932558,0.5432469130173475,0.6007300820787406,0.6096816352953662,0.9054,0.8945
Q198D,VASWLFPNSDKNNNNQNNGLLFSDEYLNLVDYNSSMDYKFTGEYSQHDQNCSVPQTSYGGDRVVPLKLE,1.047576394932528,0.0009684585113837,0.5652780807465383,0.5669889710811544,0.6063084497207116,0.6164353299625979,0.9095246376811594,0.9047
Q198K,VASWLFPNSDKNNNNQNNGLLFSDEYLNLVDYNSSMDYKFTGEYSQHKQNCSVPQTSYGGDRVVPLKLE,1.2051761965096202,0.0020343850397461,0.5075706933136045,0.5104705615837736,0.5859958494753477,0.5916513092715183,0.8785985507246377,0.8803
Q198P,VASWLFPNSDKNNNNQNNGLLFSDEYLNLVDYNSSMDYKFTGEYSQHPQNCSVPQTSYGGDRVVPLKLE,1.0264328244392518,0.0022595156213225,0.5237434294486952,0.5267588174803605,0.5976130007896254,0.6061050830181229,0.8962260869565218,0.8889
Q198W,VASWLFPNSDKNNNNQNNGLLFSDEYLNLVDYNSSMDYKFTGEYSQHWQNCSVPQTSYGGDRVVPLKLE,1.5298066277306657,0.0009107374326914,0.5034386773628454,0.512209062925879,0.6392761197163281,0.6539485043777958,0.8380231884057971,0.8489
Q199D,VASWLFPNSDKNNNNQNNGLLFSDEYLNLVDYNSSMDYKFTGEYSQHQDNCSVPQTSYGGDRVVPLKLE,0.8948912089632566,0.0029694463948888,0.5756919524648275,0.5773466730697838,0.6055679932191725,0.6160004412005784,0.9108492753623187,0.9055
Q199K,VASWLFPNSDKNNNNQNNGLLFSDEYLNLVDYNSSMDYKFTGEYSQHQKNCSVPQTSYGGDRVVPLKLE,0.8526738628647914,0.0018812734596615,0.5098016432443677,0.5125410108014282,0.5869634503756085,0.5924604908394565,0.8859594202898551,0.8849
Q199W,VASWLFPNSDKNNNNQNNGLLFSDEYLNLVDYNSSMDYKFTGEYSQHQWNCSVPQTSYGGDRVVPLKLE,0.9504753189894796,0.0034290866717563,0.5101629010844303,0.5194923098756133,0.6309860660902831,0.6455358880106437,0.8696927536231884,0.8645
Q205D,VASWLFPNSDKNNNNQNNGLLFSDEYLNLVDYNSSMDYKFTGEYSQHQQNCSVPDTSYGGDRVVPLKLE,0.955340162020842,0.0073828189512404,0.551954244207976,0.5559467065864766,0.6083657342107861,0.6181520642042216,0.9000739130434783,0.8943
Q205K,VASWLFPNSDKNNNNQNNGLLFSDEYLNLVDYNSSMDYKFTGEYSQHQQNCSVPKTSYGGDRVVPLKLE,0.8255042802492463,0.008929579243669,0.5012873683200255,0.5033894777474978,0.5958964089685371,0.604164876883895,0.8922217391304347,0.8911
Q205P,VASWLFPNSDKNNNNQNNGLLFSDEYLNLVDYNSSMDYKFTGEYSQHQQNCSVPPTSYGGDRVVPLKLE,0.885876901466234,0.0027233865754745,0.5199636951031728,0.522713513963957,0.603102346079897,0.612525107275554,0.8862826086956521,0.8862
Q205W,VASWLFPNSDKNNNNQNNGLLFSDEYLNLVDYNSSMDYKFTGEYSQHQQNCSVPWTSYGGDRVVPLKLE,0.9438315879698947,0.0081419817960238,0.4826803814237843,0.48774410854345135,0.6248621752428593,0.6376954841946971,0.8866333333333334,0.878
R212D,VASWLFPNSDKNNNNQNNGLLFSDEYLNLVDYNSSMDYKFTGEYSQHQQNCSVPQTSYGGDDVVPLKLE,0.9962160610994568,0.0045835287650263,0.5961603229895807,0.5977134862303791,0.6145748773544181,0.6226445655926072,0.9118057971014493,0.9033
R212K,VASWLFPNSDKNNNNQNNGLLFSDEYLNLVDYNSSMDYKFTGEYSQHQQNCSVPQTSYGGDKVVPLKLE,0.9640257375539392,0.0053442029005372,0.5326410804663259,0.5355183751803967,0.6027827844060555,0.6122309631979652,0.9102,0.9008
R212P,VASWLFPNSDKNNNNQNNGLLFSDEYLNLVDYNSSMDYKFTGEYSQHQQNCSVPQTSYGGDPVVPLKLE,1.0111870125962714,0.0032274117936208,0.5509648499505322,0.5534491490903753,0.6094520853173504,0.6182919958696013,0.8995478260869565,0.8933
R212W,VASWLFPNSDKNNNNQNNGLLFSDEYLNLVDYNSSMDYKFTGEYSQHQQNCSVPQTSYGGDWVVPLKLE,1.0547469434220984,0.0010303237242784,0.5411325615335503,0.5458988801779187,0.6615116050884489,0.6653956597612898,0.9115565217391305,0.9009
S153D,VADWLFPNSDKNNNNQNNGLLFSDEYLNLVDYNSSMDYKFTGEYSQHQQNCSVPQTSYGGDRVVPLKLE,0.8310374484368106,0.0011574450465065,0.5425394073957149,0.5430640474444088,0.6050333822108738,0.6138378676366113,0.895172463768116,0.892
S153K,VAKWLFPNSDKNNNNQNNGLLFSDEYLNLVDYNSSMDYKFTGEYSQHQQNCSVPQTSYGGDRVVPLKLE,0.6551537136473679,0.0015248382237109,0.5191727184317951,0.524136753683513,0.5981783044917393,0.6099071590531999,0.8953275362318841,0.8985
S153P,VAPWLFPNSDKNNNNQNNGLLFSDEYLNLVDYNSSMDYKFTGEYSQHQQNCSVPQTSYGGDRVVPLKLE,0.9674693530781576,0.0070190701227487,0.528419856794285,0.5317345469111152,0.603985318897183,0.6132045997063492,0.8935231884057971,0.8861
S153W,VAWWLFPNSDKNNNNQNNGLLFSDEYLNLVDYNSSMDYKFTGEYSQHQQNCSVPQTSYGGDRVVPLKLE,0.639170077625087,0.0005815552172237,0.5243768251597065,0.5287350340077515,0.6009229365696812,0.6114277264118928,0.9169666666666666,0.9131
S159D,VASWLFPNDDKNNNNQNNGLLFSDEYLNLVDYNSSMDYKFTGEYSQHQQNCSVPQTSYGGDRVVPLKLE,1.439984409147144,0.0021285606859688,0.5470996344472017,0.5489247099414933,0.6059878372089991,0.6150871016454206,0.8969956521739131,0.891
S159K,VASWLFPNKDKNNNNQNNGLLFSDEYLNLVDYNSSMDYKFTGEYSQHQQNCSVPQTSYGGDRVVPLKLE,0.7487033785291166,0.0014061111402859,0.504794349901801,0.5097003407435413,0.5994605153718998,0.6093004284679272,0.8876260869565218,0.8774
S159P,VASWLFPNPDKNNNNQNNGLLFSDEYLNLVDYNSSMDYKFTGEYSQHQQNCSVPQTSYGGDRVVPLKLE,0.9534431677687152,0.0025590394251195,0.5329582653789486,0.5355783593468565,0.6035889538714078,0.6129527788137002,0.8844362318840581,0.8794
S159W,VASWLFPNWDKNNNNQNNGLLFSDEYLNLVDYNSSMDYKFTGEYSQHQQNCSVPQTSYGGDRVVPLKLE,0.9510337520255024,0.0014571832538843,0.5458865739571923,0.550519238386265,0.6018954671178937,0.6134438490399461,0.8862637681159421,0.8808
S173D,VASWLFPNSDKNNNNQNNGLLFDDEYLNLVDYNSSMDYKFTGEYSQHQQNCSVPQTSYGGDRVVPLKLE,1.09364191091983,0.003413044915452,0.6355254449210411,0.6375822384766417,0.6035695471970962,0.6124316739167108,0.9055492753623188,0.9002
S173K,VASWLFPNSDKNNNNQNNGLLFKDEYLNLVDYNSSMDYKFTGEYSQHQQNCSVPQTSYGGDRVVPLKLE,0.7669783401661485,0.0055957725071517,0.3554469368659002,0.35738454604389963,0.5913938527954956,0.5988613864719942,0.8996840579710146,0.8947
S173P,VASWLFPNSDKNNNNQNNGLLFPDEYLNLVDYNSSMDYKFTGEYSQHQQNCSVPQTSYGGDRVVPLKLE,1.0786816097106011,0.0050927849724714,0.5246813364698224,0.5277321850329889,0.6021183338179402,0.610905401986326,0.9010739130434782,0.8963
S173W,VASWLFPNSDKNNNNQNNGLLFWDEYLNLVDYNSSMDYKFTGEYSQHQQNCSVPQTSYGGDRVVPLKLE,1.0062915678779083,0.0062677443583805,0.6359560392046654,0.6471847628207226,0.6067380108092909,0.6223217365566875,0.8874347826086958,0.8805
S184K,VASWLFPNSDKNNNNQNNGLLFSDEYLNLVDYNKSMDYKFTGEYSQHQQNCSVPQTSYGGDRVVPLKLE,0.9298359272796874,0.0016544196107285,0.41131716258794226,0.41235245013475436,0.5455714758058988,0.5441105359335412,0.8279492753623189,0.8514
S184P,VASWLFPNSDKNNNNQNNGLLFSDEYLNLVDYNPSMDYKFTGEYSQHQQNCSVPQTSYGGDRVVPLKLE,1.187326926392811,0.0007123964395122,0.4873823217686247,0.4897322330449123,0.6028676780374831,0.612027191059341,0.8695826086956522,0.8751
S184W,VASWLFPNSDKNNNNQNNGLLFSDEYLNLVDYNWSMDYKFTGEYSQHQQNCSVPQTSYGGDRVVPLKLE,0.8805660121502885,0.0064254230895825,0.5975992780942748,0.6053117447114561,0.7469098381541971,0.7655251510190026,0.8229202898550724,0.8326
S185D,VASWLFPNSDKNNNNQNNGLLFSDEYLNLVDYNSDMDYKFTGEYSQHQQNCSVPQTSYGGDRVVPLKLE,0.9049684840997134,0.0023360440850148,0.6155582941305223,0.6180945210579996,0.628212933441984,0.6462636719253247,0.9036057971014493,0.8966
S185P,VASWLFPNSDKNNNNQNNGLLFSDEYLNLVDYNSPMDYKFTGEYSQHQQNCSVPQTSYGGDRVVPLKLE,0.9583165511857082,0.0022114894193358,0.5330016197583063,0.5361557808237434,0.6023188945122683,0.611411347605568,0.8952637681159419,0.8912
S185W,VASWLFPNSDKNNNNQNNGLLFSDEYLNLVDYNSWMDYKFTGEYSQHQQNCSVPQTSYGGDRVVPLKLE,1.5355249452201192,0.0020398179921842,0.6563070714386754,0.664523767842607,0.7562820320556798,0.7738898555351319,0.834331884057971,0.8476
S195K,VASWLFPNSDKNNNNQNNGLLFSDEYLNLVDYNSSMDYKFTGEYKQHQQNCSVPQTSYGGDRVVPLKLE,0.9015359652842028,0.0012839341992424,0.49931982672638003,0.5020499654903475,0.5831578397104169,0.5900294076549973,0.8646376811594203,0.8751
S195P,VASWLFPNSDKNNNNQNNGLLFSDEYLNLVDYNSSMDYKFTGEYPQHQQNCSVPQTSYGGDRVVPLKLE,0.9549639253189386,0.0024183293535352,0.5392375070303602,0.5415835941218776,0.6004834593709568,0.6094246112487673,0.8995391304347826,0.8912
S195W,VASWLFPNSDKNNNNQNNGLLFSDEYLNLVDYNSSMDYKFTGEYWQHQQNCSVPQTSYGGDRVVPLKLE,0.8688549195660048,0.0006931502780847,0.5457361599722113,0.5540264448230798,0.7055404821080387,0.7188230118719782,0.8260536231884058,0.8354
S202D,VASWLFPNSDKNNNNQNNGLLFSDEYLNLVDYNSSMDYKFTGEYSQHQQNCDVPQTSYGGDRVVPLKLE,1.1535262030735676,0.0067645437300621,0.5697517397178598,0.5711557211231999,0.6078186910957059,0.6186897217659493,0.9035101449275362,0.8925
S202K,VASWLFPNSDKNNNNQNNGLLFSDEYLNLVDYNSSMDYKFTGEYSQHQQNCKVPQTSYGGDRVVPLKLE,0.8028381244644299,0.0046450597482049,0.4915145545652134,0.4939781572128039,0.5919687648343096,0.5983587500418667,0.8558333333333333,0.8567
S202P,VASWLFPNSDKNNNNQNNGLLFSDEYLNLVDYNSSMDYKFTGEYSQHQQNCPVPQTSYGGDRVVPLKLE,0.9767629427328982,0.0034592736832794,0.5154733807374008,0.5188206668857241,0.6008296764984853,0.6097976786468389,0.8969449275362317,0.888
S202W,VASWLFPNSDKNNNNQNNGLLFSDEYLNLVDYNSSMDYKFTGEYSQHQQNCWVPQTSYGGDRVVPLKLE,1.0977869543541812,0.0078439995154467,0.4665051045770829,0.4742862396249489,0.6228259272837955,0.6366835056070588,0.8514333333333333,0.8449
S207D,VASWLFPNSDKNNNNQNNGLLFSDEYLNLVDYNSSMDYKFTGEYSQHQQNCSVPQTDYGGDRVVPLKLE,1.0253342742492002,0.0020501864652093,0.5530080025512809,0.5569075206782326,0.6073201423811343,0.6165530992997633,0.904444927536232,0.8956
S207K,VASWLFPNSDKNNNNQNNGLLFSDEYLNLVDYNSSMDYKFTGEYSQHQQNCSVPQTKYGGDRVVPLKLE,1.0795923536375056,0.0048211943036613,0.49600641151484004,0.4974374229815136,0.5960487804804042,0.6047756507271365,0.8966057971014492,0.8914
S207P,VASWLFPNSDKNNNNQNNGLLFSDEYLNLVDYNSSMDYKFTGEYSQHQQNCSVPQTPYGGDRVVPLKLE,1.0693515307188028,0.0044163985163347,0.5207937910961489,0.523071676707214,0.6021881318964074,0.6115202022896218,0.8936985507246377,0.8883
S207W,VASWLFPNSDKNNNNQNNGLLFSDEYLNLVDYNSSMDYKFTGEYSQHQQNCSVPQTWYGGDRVVPLKLE,0.8349023505131321,0.0037995744517006,0.49225909679019564,0.49663799595919106,0.6281882436068146,0.6405311711815088,0.9021826086956523,0.8959
T191D,VASWLFPNSDKNNNNQNNGLLFSDEYLNLVDYNSSMDYKFDGEYSQHQQNCSVPQTSYGGDRVVPLKLE,0.9153723672960228,0.0007216856128516,0.5782000277854422,0.5807084563596947,0.6441131044716787,0.6605836721219275,0.9071724637681159,0.899
T191K,VASWLFPNSDKNNNNQNNGLLFSDEYLNLVDYNSSMDYKFKGEYSQHQQNCSVPQTSYGGDRVVPLKLE,0.786292493813449,0.001749400295336,0.45205750899631714,0.4537078800405754,0.5675494321366694,0.5742810102553902,0.8871376811594203,0.882
T191P,VASWLFPNSDKNNNNQNNGLLFSDEYLNLVDYNSSMDYKFPGEYSQHQQNCSVPQTSYGGDRVVPLKLE,0.9965263459347068,0.002638187524654,0.5131618074418804,0.5152175595524935,0.6052531602002559,0.6147272836022426,0.9053623188405798,0.8952
T191W,VASWLFPNSDKNNNNQNNGLLFSDEYLNLVDYNSSMDYKFWGEYSQHQQNCSVPQTSYGGDRVVPLKLE,1.0595686247381666,0.0029188942584532,0.5995044613677717,0.6075900239137213,0.7903901059773609,0.8001721745899354,0.8808971014492752,0.8797
T206D,VASWLFPNSDKNNNNQNNGLLFSDEYLNLVDYNSSMDYKFTGEYSQHQQNCSVPQDSYGGDRVVPLKLE,1.1040387205562991,0.000321512920846,0.5568811750613036,0.5610666282683054,0.607232758907322,0.6165231511382778,0.8995130434782608,0.8927
T206K,VASWLFPNSDKNNNNQNNGLLFSDEYLNLVDYNSSMDYKFTGEYSQHQQNCSVPQKSYGGDRVVPLKLE,0.8813266585986321,0.0094744732654467,0.5050158086422415,0.5070872019893266,0.5961081695762526,0.6045799550257008,0.8899608695652175,0.8869
T206P,VASWLFPNSDKNNNNQNNGLLFSDEYLNLVDYNSSMDYKFTGEYSQHQQNCSVPQPSYGGDRVVPLKLE,0.8552018178490657,0.0014882511825574,0.5290311159272001,0.5318887917109905,0.60243351735765,0.6117155821902687,0.8926347826086956,0.8878
T206W,VASWLFPNSDKNNNNQNNGLLFSDEYLNLVDYNSSMDYKFTGEYSQHQQNCSVPQWSYGGDRVVPLKLE,0.9495686934327912,0.0019873923005322,0.4922969463664473,0.4967025558167318,0.6284837500609565,0.6410088459110068,0.8821840579710145,0.8793
V151D,DASWLFPNSDKNNNNQNNGLLFSDEYLNLVDYNSSMDYKFTGEYSQHQQNCSVPQTSYGGDRVVPLKLE,0.9203148901024988,0.0005352053516589,0.5359220251278961,0.5370843331497774,0.604452320406066,0.6134047376162175,0.9165782608695653,0.9125
V151K,KASWLFPNSDKNNNNQNNGLLFSDEYLNLVDYNSSMDYKFTGEYSQHQQNCSVPQTSYGGDRVVPLKLE,1.032077010830735,0.0037164776380095,0.5262432912932334,0.5302635858771946,0.6034831278797758,0.61290509961379,0.9315188405797101,0.928
V151P,PASWLFPNSDKNNNNQNNGLLFSDEYLNLVDYNSSMDYKFTGEYSQHQQNCSVPQTSYGGDRVVPLKLE,0.8614904757137769,0.0034041454250201,0.530781319054386,0.5334616013411526,0.6040723336750607,0.613208847898872,0.922540579710145,0.9196
V151W,WASWLFPNSDKNNNNQNNGLLFSDEYLNLVDYNSSMDYKFTGEYSQHQQNCSVPQTSYGGDRVVPLKLE,0.726107426160949,0.0035548323256258,0.5287236646756416,0.5320115417846562,0.6036129797179881,0.612972039302221,0.9108884057971015,0.9036
V180D,VASWLFPNSDKNNNNQNNGLLFSDEYLNLDDYNSSMDYKFTGEYSQHQQNCSVPQTSYGGDRVVPLKLE,0.7824017258423512,0.0038426930366898,0.5375650294895973,0.5368211505760905,0.5732954763643655,0.5765291355968175,0.9126608695652174,0.9126
V180P,VASWLFPNSDKNNNNQNNGLLFSDEYLNLPDYNSSMDYKFTGEYSQHQQNCSVPQTSYGGDRVVPLKLE,1.2278807998904804,0.0044770181059924,0.4404541910926685,0.4407245850350469,0.5845380383542202,0.5891957406072994,0.9138463768115941,0.9139
V180W,VASWLFPNSDKNNNNQNNGLLFSDEYLNLWDYNSSMDYKFTGEYSQHQQNCSVPQTSYGGDRVVPLKLE,1.3269685087483514,0.0009323279614249,0.6245615211591379,0.6316502678508963,0.6741217566187699,0.6957792954159533,0.8994811594202898,0.8924
V203D,VASWLFPNSDKNNNNQNNGLLFSDEYLNLVDYNSSMDYKFTGEYSQHQQNCSDPQTSYGGDRVVPLKLE,0.9393048272259368,0.0030699427857057,0.5825263917989036,0.5817854790333185,0.6077851093490768,0.6181060950319861,0.9010608695652175,0.8963
V203K,VASWLFPNSDKNNNNQNNGLLFSDEYLNLVDYNSSMDYKFTGEYSQHQQNCSKPQTSYGGDRVVPLKLE,0.8570604795283744,0.0032159489275692,0.5286386697437458,0.5285426356286321,0.5954109397061044,0.602899164121171,0.888395652173913,0.8912
V203P,VASWLFPNSDKNNNNQNNGLLFSDEYLNLVDYNSSMDYKFTGEYSQHQQNCSPPQTSYGGDRVVPLKLE,1.1214293237757782,0.0030429129566747,0.5436395474346533,0.5441348457810056,0.6029211463826016,0.61224732436648,0.893008695652174,0.8911
V203W,VASWLFPNSDKNNNNQNNGLLFSDEYLNLVDYNSSMDYKFTGEYSQHQQNCSWPQTSYGGDRVVPLKLE,0.9444483735102818,0.0033562115841054,0.5303548086969844,0.5355221740518613,0.6256199416182808,0.6392316702540936,0.9019724637681158,0.893
V213D,VASWLFPNSDKNNNNQNNGLLFSDEYLNLVDYNSSMDYKFTGEYSQHQQNCSVPQTSYGGDRDVPLKLE,1.1652995387919185,0.0041578673688254,0.5796846405782483,0.5810528654837162,0.6054219510395371,0.6149693642242923,0.9080623188405799,0.9006
V213K,VASWLFPNSDKNNNNQNNGLLFSDEYLNLVDYNSSMDYKFTGEYSQHQQNCSVPQTSYGGDRKVPLKLE,1.045913820205122,0.0044181370789348,0.536062388640267,0.5386635948536527,0.5980808789549914,0.6079440859182541,0.9055521739130434,0.9019
V213P,VASWLFPNSDKNNNNQNNGLLFSDEYLNLVDYNSSMDYKFTGEYSQHQQNCSVPQTSYGGDRPVPLKLE,0.9932794980433804,0.0025680724928722,0.5433641190013397,0.5458386347429909,0.603855486924892,0.6132919824564665,0.8963840579710144,0.8907
V213W,VASWLFPNSDKNNNNQNNGLLFSDEYLNLVDYNSSMDYKFTGEYSQHQQNCSVPQTSYGGDRWVPLKLE,1.0320647480910143,0.0028179555776633,0.5310491318200864,0.5348825776654262,0.625974179598731,0.632600602880839,0.9038188405797102,0.8958
V214D,VASWLFPNSDKNNNNQNNGLLFSDEYLNLVDYNSSMDYKFTGEYSQHQQNCSVPQTSYGGDRVDPLKLE,1.2921355057787491,0.0055631508623642,0.5787353287966915,0.5798019791234534,0.6070684007156898,0.6160214486721849,0.9010115942028984,0.8944
V214K,VASWLFPNSDKNNNNQNNGLLFSDEYLNLVDYNSSMDYKFTGEYSQHQQNCSVPQTSYGGDRVKPLKLE,0.6186176831159343,0.0017708515286419,0.5379411196626487,0.540443341684731,0.5969076121654057,0.6074111838460612,0.897031884057971,0.8919
V214P,VASWLFPNSDKNNNNQNNGLLFSDEYLNLVDYNSSMDYKFTGEYSQHQQNCSVPQTSYGGDRVPPLKLE,1.1015615947358317,0.0055253977893526,0.5472673658416459,0.5494530185350642,0.603759801496509,0.613160980562322,0.8975797101449275,0.8909
V214W,VASWLFPNSDKNNNNQNNGLLFSDEYLNLVDYNSSMDYKFTGEYSQHQQNCSVPQTSYGGDRVWPLKLE,1.397756344763191,0.0016914499587663,0.5297659285971833,0.5334646052299538,0.6256765724875857,0.6309668948502621,0.9022289855072465,0.8945
W154K,VASKLFPNSDKNNNNQNNGLLFSDEYLNLVDYNSSMDYKFTGEYSQHQQNCSVPQTSYGGDRVVPLKLE,0.872708240647607,0.000375587894053,0.5034506390646857,0.5102216537690998,0.6001354601454866,0.6106064495057729,0.8956072463768117,0.8896
W154P,VASPLFPNSDKNNNNQNNGLLFSDEYLNLVDYNSSMDYKFTGEYSQHQQNCSVPQTSYGGDRVVPLKLE,0.9778872850829712,0.0025445594982377,0.5162501709018492,0.5210376234445656,0.6054921274348478,0.6140394526867955,0.9118840579710145,0.9065
Y176D,VASWLFPNSDKNNNNQNNGLLFSDEDLNLVDYNSSMDYKFTGEYSQHQQNCSVPQTSYGGDRVVPLKLE,0.8863048011077892,0.0084724905772409,0.5004365951539016,0.49906517024495056,0.5116959609709425,0.5027678830456909,0.9132942028985506,0.9138
Y176K,VASWLFPNSDKNNNNQNNGLLFSDEKLNLVDYNSSMDYKFTGEYSQHQQNCSVPQTSYGGDRVVPLKLE,0.8313208132158166,0.0092721802601142,0.2802177452416895,0.27921147172893973,0.4250850236726055,0.4166381019534054,0.9175826086956522,0.9195
Y176P,VASWLFPNSDKNNNNQNNGLLFSDEPLNLVDYNSSMDYKFTGEYSQHQQNCSVPQTSYGGDRVVPLKLE,1.3089633249302364,0.0005206647124929,0.4083189263144513,0.40780606722889234,0.5154935613944618,0.51043170130739,0.9156275362318841,0.9191
Y176W,VASWLFPNSDKNNNNQNNGLLFSDEWLNLVDYNSSMDYKFTGEYSQHQQNCSVPQTSYGGDRVVPLKLE,1.25311578786367,0.0015653679847354,0.6671362058234119,0.6747374200902357,0.6211475167427545,0.6377832180212231,0.8780637681159421,0.8747
Y182D,VASWLFPNSDKNNNNQNNGLLFSDEYLNLVDDNSSMDYKFTGEYSQHQQNCSVPQTSYGGDRVVPLKLE,1.0699038254079,0.0024329421138691,0.500996923702035,0.49934871080176246,0.544188458374105,0.5430738400549268,0.8881971014492754,0.8836
Y182K,VASWLFPNSDKNNNNQNNGLLFSDEYLNLVDKNSSMDYKFTGEYSQHQQNCSVPQTSYGGDRVVPLKLE,0.8507253779047922,0.0040159255636279,0.3259028587403551,0.32349308681817895,0.49514145279035204,0.4872977666133164,0.8817782608695652,0.8786
Y182P,VASWLFPNSDKNNNNQNNGLLFSDEYLNLVDPNSSMDYKFTGEYSQHQQNCSVPQTSYGGDRVVPLKLE,1.085417351932432,0.0017982667610916,0.45653182410137233,0.4556614137146257,0.5413591822013326,0.5392140144703247,0.872104347826087,0.876
Y182W,VASWLFPNSDKNNNNQNNGLLFSDEYLNLVDWNSSMDYKFTGEYSQHQQNCSVPQTSYGGDRVVPLKLE,1.1268668770157468,0.0035427410256045,0.6200441785159647,0.6266988503592226,0.679098844843357,0.6993263967499744,0.8496101449275364,0.859
Y188D,VASWLFPNSDKNNNNQNNGLLFSDEYLNLVDYNSSMDDKFTGEYSQHQQNCSVPQTSYGGDRVVPLKLE,1.0315380721782987,0.0052265642525743,0.5107515183965367,0.5099007741759137,0.5824975640190122,0.5856961546935248,0.8996797101449274,0.8916
Y188K,VASWLFPNSDKNNNNQNNGLLFSDEYLNLVDYNSSMDKKFTGEYSQHQQNCSVPQTSYGGDRVVPLKLE,0.9183458628674293,0.0046211990603577,0.4026388834835111,0.4011223336117282,0.5384578057114385,0.5412552289828433,0.8637623188405797,0.8746
Y188P,VASWLFPNSDKNNNNQNNGLLFSDEYLNLVDYNSSMDPKFTGEYSQHQQNCSVPQTSYGGDRVVPLKLE,1.2301993265632427,0.0040951198150938,0.5041756976489282,0.5036972310452025,0.5616113304677056,0.563296417357807,0.8909304347826087,0.8881
Y188W,VASWLFPNSDKNNNNQNNGLLFSDEYLNLVDYNSSMDWKFTGEYSQHQQNCSVPQTSYGGDRVVPLKLE,0.9828711175337256,0.0096988899338292,0.6492759853720924,0.6554147964000914,0.7179634069091737,0.7359796338593225,0.8762217391304348,0.8758
Y194D,VASWLFPNSDKNNNNQNNGLLFSDEYLNLVDYNSSMDYKFTGEDSQHQQNCSVPQTSYGGDRVVPLKLE,1.0726218572513997,0.0006141249882501,0.5334802222034017,0.5337915987847177,0.5955904702333342,0.6035245336721357,0.8991014492753623,0.8882
Y194P,VASWLFPNSDKNNNNQNNGLLFSDEYLNLVDYNSSMDYKFTGEPSQHQQNCSVPQTSYGGDRVVPLKLE,0.9956428747754866,0.001993101354996,0.5042425596829144,0.5038254663595345,0.5870169669385891,0.5948123726979511,0.8871318840579712,0.8785
Y194W,VASWLFPNSDKNNNNQNNGLLFSDEYLNLVDYNSSMDYKFTGEWSQHQQNCSVPQTSYGGDRVVPLKLE,1.790615492018925,0.0005726335174004,0.5544295011821128,0.5602652312537924,0.6628075615241815,0.6758381688467313,0.8551130434782609,0.8581
Y208D,VASWLFPNSDKNNNNQNNGLLFSDEYLNLVDYNSSMDYKFTGEYSQHQQNCSVPQTSDGGDRVVPLKLE,0.7901409647897,0.0015150856211199,0.5559116432062787,0.5583510638917675,0.6009489269965794,0.6095424805335228,0.8971623188405795,0.8956
Y208K,VASWLFPNSDKNNNNQNNGLLFSDEYLNLVDYNSSMDYKFTGEYSQHQQNCSVPQTSKGGDRVVPLKLE,1.0448624024068698,0.0004389355611267,0.5133487978125478,0.5145308090976721,0.5922283651890053,0.6005305968944153,0.893859420289855,0.8928
Y208P,VASWLFPNSDKNNNNQNNGLLFSDEYLNLVDYNSSMDYKFTGEYSQHQQNCSVPQTSPGGDRVVPLKLE,0.9870491551446228,0.0015612998643157,0.531586164099768,0.5330573701209507,0.5979077480922532,0.6066202725295965,0.8956507246376813,0.8947
Y208W,VASWLFPNSDKNNNNQNNGLLFSDEYLNLVDYNSSMDYKFTGEYSQHQQNCSVPQTSWGGDRVVPLKLE,1.2858963563533965,0.0012445666710892,0.5109422844683201,0.5148980533652107,0.6166356428147761,0.6270320187043162,0.8989710144927535,0.8914
ac_to_pos1,VASWLFPNSRKNNNNQNNGLLFSDEYLNLVDYNSSMDYKFTGEYSQHQQNCSVPQTSYGGDRVVPLKLE,0.9361768890736876,0.0005380503527637,0.4844266139899279,0.4899089581102788,0.5941686804202317,0.6041787208849541,0.9015144927536232,0.8922
ac_to_pos2,VASWLFPNSRKNNNNQNNGLLFSKEYLNLVDYNSSMDYKFTGEYSQHQQNCSVPQTSYGGDRVVPLKLE,0.6879835352707935,0.0026362303157052,0.2280613487954791,0.23324347905549989,0.47620973871478117,0.4773990799241452,0.9005420289855073,0.8951
ac_to_pos3,VASWLFPNSRKNNNNQNNGLLFSKRYLNLVDYNSSMDYKFTGEYSQHQQNCSVPQTSYGGDRVVPLKLE,0.599831919167851,0.0023287922300604,0.07345841019382357,0.07524040352604683,0.23708521523047618,0.22150547416394026,0.9041072463768117,0.9092
ac_to_pos4,VASWLFPNSRKNNNNQNNGLLFSKRYLNLVDYNSSMKYKFTGEYSQHQQNCSVPQTSYGGDRVVPLKLE,0.316308154915349,0.0006532845747981,0.03451684026983443,0.03505735369596621,0.12554406901057505,0.1184898711004152,0.7547072463768116,0.776
ac_to_pos5,VASWLFPNSRKNNNNQNNGLLFSKRYLNLVDYNSSMKYKFTGKYSQHQQNCSVPQTSYGGDRVVPLKLE,0.5783140743314545,0.0010971275100438,0.019278013437483508,0.01958061861773002,0.11225476710761442,0.10603284946700461,0.7280014492753624,0.7514
ac_to_pos7,VASWLFPNSRKNNNNQNNGLLFSKRYLNLVDYNSSMKYKFTGKYSQHQQNCSVPQTSYGGKRVVPLKLR,0.4838075772746096,0.0021787227591799,0.013465905204247423,0.013503521042488349,0.10712617795542534,0.10102787478988559,0.7955681159420289,0.8121
actad_GOF1,VASWLFPNSDKNNNNQNNGLLFSDEYLELVDYDFSMDYKFTGEYSQHQQNCSVPQTSYGGDRVVPLKLE,1.0569605119875063,0.000534504577965,0.7745140260725062,0.7818521798951377,0.7408475240974791,0.756702214519266,0.8617971014492751,0.8693
actad_GOF10,VADWEFYNSDKNNNNQNNGLLFSDEYLNLVDYNSSMDYKFTGEYSQHQQNCSVPQTSYGGDRVVPLKLE,1.1068368152513997,0.0098054254733327,0.5546511737897843,0.5544663566536062,0.6054048096133003,0.61445539928077,0.9058666666666668,0.8991
actad_GOF11,VADWLFENSDKNNNNQNNGLLFSDEYLNLVDYNSSMDYKFTGEYSQHQQNCSVPQTSYGGDRVVPLKLE,1.1010055480940668,0.002243368677044,0.5505228304337036,0.5504215407451989,0.6055888903621479,0.61441879074627,0.8891840579710145,0.878
actad_GOF12,VAEWLFDYSDKNNNNQNNGLLFSDEYLNLVDYNSSMDYKFTGEYSQHQQNCSVPQTSYGGDRVVPLKLE,1.0519898470120517,0.0009689516345821,0.5620825764959954,0.5625272321730717,0.6047543317407876,0.6143729525977657,0.856895652173913,0.8469
actad_GOF13,VASWLFPNSDKNNNNQNNGLLFSDEYLNLVDYNSSMDYKFTGEYSQHQQNCSVPQTSYGGDFVVDLWLE,1.6455977348850148,0.0036555716672965,0.6036262222906613,0.6034643181699568,0.7258340443640007,0.7097000831007937,0.8876797101449276,0.8797
actad_GOF14,VASWLFPNSDKNNNNQNNGLLFSDEYLNLVDYNSSMDYKFTGEYSQHQQNCSVPQTSYGYDWVVELFLE,1.4209758485306725,0.0057573148140477,0.5763801923958299,0.5774853409597793,0.7736922407690305,0.7565405497123833,0.8154362318840579,0.8595
actad_GOF15,VASWLFPNSDKNNNNQNNGLLFSDEYLNLVDYNSSMDYKFTGEYSQHQQNCSVPQTSYGYDWVVPLFLE,1.2189675960386366,0.005804612527557,0.5515967713286735,0.5617448798135567,0.5978726572471634,0.6107988343383023,0.8837318840579711,0.8963
actad_GOF17,VASWLFPNSDKNNNNQNNGLLFYDEYLELVDYFSSMDYKFTGEYSQHQQNCSVPQTSYGGDRVVPLKLE,0.8663669069678287,0.0045517545392,0.7915313299740123,0.8016314631437416,0.7112489777057881,0.7308853589501704,0.7977739130434782,0.7989
actad_GOF18,VASWLFPNSDKNNNNQNNGLLFWDEYLDLVDYFSSMDYKFTGEYSQHQQNCSVPQTSYGGDRVVPLKLE,0.9394656055568558,0.0082064946170693,0.8193075325942529,0.8275967230607808,0.7612132690271044,0.7774684126434452,0.6973086956521739,0.7478
actad_GOF19,VASWLFPNSDKNNNNQNNGLLFSDEYLELVDYWDSMDYKFTGEYSQHQQNCSVPQTSYGGDRVVPLKLE,0.9105637357565368,0.0004684178024875,0.8209180839274137,0.8310088641014131,0.7642483361181741,0.7816464688349312,0.6705376811594203,0.7309
actad_GOF2,VASWLFPNSDKNNNNQNNGLLFSDEYLELVDYDWSMDYKFTGEYSQHQQNCSVPQTSYGGDRVVPLKLE,1.0825059007099196,0.0034239248138057,0.7401742409865032,0.7475913555166693,0.7727759474805027,0.7866939212378017,0.804031884057971,0.8215
actad_GOF20,VASWLFPNSDKNNNNQNNGLLFSDEWLEFVDYWDSMDYKFTGEYSQHQQNCSVPQTSYGGDRVVPLKLE,1.2954867319955643,0.0037394390431122,0.8409244329881286,0.8469057733650176,0.7427225761678651,0.7607558015254733,0.856131884057971,0.8572
actad_GOF22,VASWLFPNSDKNNNNQNNGLLDFDEYLELVDYWDSMDYKFTGEYSQHQQNCSVPQTSYGGDRVVPLKLE,1.4853818470796614,0.000264099871567,0.7926847697904236,0.8017467957078055,0.7648370141478792,0.7813025248207536,0.7020202898550726,0.7251
actad_GOF23,VASWLFPNSDKNNNNQNNGLLEWDEYLNLVDYEWSMDYKFTGEYSQHQQNCSVPQTSYGGDRVVPLKLE,0.8616239675721972,0.0005065632213956,0.6387851596069907,0.6460163506725144,0.6470112267833695,0.6655995209288599,0.8922463768115944,0.8942
actad_GOF24,VASWLFPNSDKNNNNQNNGLLFSDEYFEWVDYNSSMDYKFTGEYSQHQQNCSVPQTSYGGDRVVPLKLE,0.8803491054107918,0.0011156664392227,0.6463348831874665,0.6561275703120321,0.7205805246641358,0.7423044970924263,0.832059420289855,0.8244
actad_GOF25,VASWLFPNSDKNNNNQNNGLLFSDEYFGLWDYLSSMDYKFTGEYSQHQQNCSVPQTSYGGDRVVPLKLE,1.1105104219134867,0.0032872779185671,0.6463854918841101,0.6573186695050538,0.7253915168900908,0.745836132586764,0.7770231884057972,0.8015
actad_GOF26,VASWLFPNSDKNNNNQNNGLLFSDEFLNLVDWYSSMDYKFTGEYSQHQQNCSVPQTSYGGDRVVPLKLE,0.8270251494711425,0.0027723362120394,0.7387729786616198,0.7474215673386965,0.6528801572328798,0.6742410197968071,0.8626072463768116,0.8682
actad_GOF27,VASWLFPNSDKNNNNQNNGLLFSDEFWEWVDYNSSMDYKFTGEYSQHQQNCSVPQTSYGGDRVVPLKLE,1.0946049359405134,0.0022541341790936,0.7109502348296429,0.7201326193712786,0.7884218752208453,0.8042604308114379,0.6989492753623189,0.754
actad_GOF28,VASWLFPNSDKNNNNQNNGLLFSDEYLNLVDYWEFMDYKFTGEYSQHQQNCSVPQTSYGGDRVVPLKLE,0.9564950044658868,0.0009538624762353,0.8690352623836628,0.8755931405475503,0.8420135050023588,0.8541600210268225,0.8022101449275363,0.8213
actad_GOF29,VASWLFPNSDKNNNNQNNGLLFSDEYLNLVDYNEFMDWEFTGEYSQHQQNCSVPQTSYGGDRVVPLKLE,2.0250684303909763,0.0013067303782364,0.5454489020574806,0.5464686438340993,0.6055512277095193,0.6143981889442937,0.8841,0.8752
actad_GOF3,VASWLFPNSDKNNNNQNNGLLFSDEYLDLVDYEFSMDYKFTGEYSQHQQNCSVPQTSYGGDRVVPLKLE,1.166191417706305,0.0010143340274047,0.8101101771320347,0.8168324063011148,0.7339447583201572,0.7497514979552662,0.8162753623188406,0.8245
actad_GOF30,VAEWLFENSDKNNNNQNNGLLFSDEYLNLVDYNSSMDYKFTGEYSQHQQNCSVPQTSYGGDRVVPLKLE,0.8244852928940767,0.0009244392351962,0.5540823193800606,0.5538298256309054,0.605734761729678,0.6146109110116497,0.8965289855072464,0.8906
actad_GOF31,VADWLFDNSDKNNNNQNNGLLFSDEYLNLVDYNSSMDYKFTGEYSQHQQNCSVPQTSYGGDRVVPLKLE,1.0334771987128324,0.0067910467511479,0.5562560420527398,0.5559187326973732,0.6053328668936125,0.6144249144259232,0.9064188405797102,0.8985
actad_GOF32,VADWDFYNSDKNNNNQNNGLLFSDEYLNLVDYNSSMDYKFTGEYSQHQQNCSVPQTSYGGDRVVPLKLE,0.9938006589281992,0.0032252699409231,0.5703105203426195,0.5692592431733181,0.6036115979950751,0.6134844831946047,0.8955594202898549,0.8894
actad_GOF33,VADWEFWNSDKNNNNQNNGLLFSDEYLNLVDYNSSMDYKFTGEYSQHQQNCSVPQTSYGGDRVVPLKLE,1.0775353734156667,0.0028788272310425,0.5703105203426195,0.5692592431733181,0.6036115954589226,0.6134844798350219,0.8955594202898549,0.8894
actad_GOF4,VASWLFPNSDKNNNNQNNGLLFSDEYLGLVDYEWSMDYKFTGEYSQHQQNCSVPQTSYGGDRVVPLKLE,1.0209589573000433,0.0051586955390837,0.6622571112029036,0.6706979497067366,0.7620775605366411,0.7780527482493916,0.8016492753623188,0.7927
actad_GOF5,VASWLFPNSDKNNNNQNNGLLFEWEYLDLVDYNSSMDYKFTGEYSQHQQNCSVPQTSYGGDRVVPLKLE,1.1615572864915715,0.0037581816682942,0.6651635302597578,0.6768113859535236,0.6206671867222225,0.6380548965682452,0.8616478260869566,0.8441
actad_GOF6,VASWLFPNSDKNNNNQNNGLLFSDEYLEFVDYNSSMDYKFTGEYSQHQQNCSVPQTSYGGDRVVPLKLE,0.809876151790271,0.0043534707441728,0.6277188163465067,0.6329871604375809,0.615918358952733,0.6272069437847364,0.9151231884057971,0.9105
actad_GOF7,VASWLFPNSDKNNNNQNNGLLFSDEYLDFVDYNSSMDYKFTGEYSQHQQNCSVPQTSYGGDRVVPLKLE,1.1750263370658276,0.004020191281325,0.6558617829248861,0.6599227295293019,0.617019145010928,0.6286298203532106,0.9123536231884057,0.9108
actad_GOF8,VASWLFPNSDKNNNNQNNGLLFSDEYLEVDYLSSMDYKFTGEYSQHQQNCSVPQTSYGGDRVVPLKLE,0.5568712506329105,0.0008109296423278,0.5391169998014066,0.543216200699384,0.6427979187573375,0.6581909126510028,0.829925,0.8228
hydphob_tract1,VASWLFPNSDKNNNNQNNGLLFSYVYLNLVDYNSSMDYKFTGEYSQHQQNCSVPQTSYGGDRVVPLKLE,0.6654786900636125,0.0029201859972027,0.15177784917597217,0.1574235394545663,0.3937989801969746,0.387993667750724,0.90116231884058,0.8998
hydphob_tract10,VAYWLFPNSDKNNNNQNNGLLFSDEYLNLVDYNSSMDYKFTGEYSQHQQNCSVPQTSYGGDRVVPLKLE,0.8398366659025683,0.0020949160082753,0.5235799529400338,0.5280182306933451,0.6010395559649401,0.6115062197057699,0.828504347826087,0.8205
hydphob_tract2,VASWLFPNSDKNNNNQNNGLLFSFLYLNLVIYNSSMDYKFTGEYSQHQQNCSVPQTSYGGDRVVPLKLE,0.7060971572133362,0.000945302004088,0.02095186715059131,0.02160977763736903,0.23429472615371838,0.22871593351696626,0.9350985507246379,0.9376
hydphob_tract3,VASWLFPNSDKNNNNQNNGLLFSFLYLNLVDYNSSMDYKFTGEYSQHQQNCSVPQTSYGGDRVVPLKLE,0.9181352813922896,0.0009304093393209,0.1326206429850165,0.13950818457566033,0.4762275390532274,0.48279924065297236,0.9648318840579709,0.9691
hydphob_tract4,VASWLFPNSDKNNNNQNNGLLFWDEYLWLVDYNSSMDYKFTGEYSQHQQNCSVPQTSYGGDRVVPLKLE,1.212378282219413,0.0020903554961272,0.46297420082192337,0.4756124865694386,0.6264963727208266,0.648536412930347,0.553091304347826,0.5899
hydphob_tract5,VASWLFPNSDKNNNNQNNGLLFSDEYLFLVYYNSSMDYKFTGEYSQHQQNCSVPQTSYGGDRVVPLKLE,0.7129590610759309,0.0025503543348477,0.2671257795786577,0.27552539000124004,0.5349741544039692,0.5484553996133689,0.8596014492753623,0.8677
hydphob_tract6,VASWLFPNSDKNNNNQNNGLLFSDEYLNLVFYNSSMLYKFTFIYSQHQQNCSVPQTSYGGDRVVPLKLE,0.7086117433340275,0.0037717390752053,0.052399816907411766,0.054156931656854895,0.3205494352984006,0.3096224560753565,0.9132608695652173,0.9171
hydphob_tract9,VASWLFPNSDKNNNNQNNGLLFSDEYLILVVYNSSMDYKFTGEYSQHQQNCSVPQTSYGGDRVVPLKLE,0.7708615793259692,0.0026806004332648,0.14510632054242265,0.14894656525839864,0.45774612294606115,0.46284940016571435,0.46451884057971016,0.4298
polyq_GOF1,VASWLFPNSDQNNNNQNNQLLFSDEYLNLVDYNSSMDYKFTGEYSQHQQNCSVPQTSYGGDRVVPLKLE,0.9833777542701468,0.0060792930297791,0.5318257371992785,0.5344135602481553,0.6070915538766826,0.6171378346960693,0.9100666666666666,0.9024
polyq_GOF2,VASWLFPNQQQNNNNQNNGLLFSDEYLNLVDYNSSMDYKFTGEYSQHQQNCSVPQTSYGGDRVVPLKLE,1.0083521587963786,0.0038526319831799,0.5309800920161786,0.5352966029602766,0.6008317179501297,0.6110841435528722,0.9038304347826088,0.8934
polyq_GOF3,VASWLFPNSDKNNNNQNNGLLFSDEYLNLVDYNSSMDYKFTGEYSQQQQNQSVPQTSYGGDRVVPLKLE,1.033329579545549,0.0049952518268679,0.53302172142595,0.5345295564620705,0.6114970814572839,0.6226974261091793,0.8874782608695652,0.8811
polyq_GOF4,VASWLFPNSDKNNNNQNNGLLFSDEYLNLVDYNSSMDYKFTGEYSQQQQNQQVPQTSYGGDRVVPLKLE,0.9080128896165216,0.0041380361464206,0.5099756122972409,0.5113605551548647,0.6108062932794,0.621826826327236,0.8917086956521737,0.8846
polyq_GOF5,VASWLFPNSDKNNNNQNNGLLFSDEYLNLVDYNSSMDYKFTGEYSQQQQNQQNPQTSYGGDRVVPLKLE,1.1510507442466986,0.0011834597631262,0.5266094651420388,0.5241362339408926,0.610927633813491,0.6218842415982665,0.8817985507246376,0.8775
pos_to_FW2,VASWLFPNSDKNNNNQNNGLLFSDEYLNLVDYNSSMDYWFTGEYSQWQQNCSVPQTSYGGDRVVPLKLE,1.281625105422496,0.0032223746440021,0.6544673856847798,0.6667383157017774,0.8405857288514282,0.8488251311136422,0.7803579710144928,0.7828
pos_to_FW3,VASWLFPNSDKNNNNQNNGLLFSDEYLNLVDYNSSMDYKFTGEYSQHQQNCSVPQTSYGGDFVVPLWLE,1.1904056072838998,0.000938476736501,0.5264903127827999,0.5309447993965197,0.6950973209081872,0.684820882067785,0.9222666666666665,0.9171
pos_to_ac1,VASWLFPNSDENNNNQNNGLLFSDEYLNLVDYNSSMDYKFTGEYSQHQQNCSVPQTSYGGDRVVPLKLE,1.2435382435172897,0.0008786657261032,0.5789445070890669,0.5802281149802231,0.6088414580112943,0.6177947809663094,0.905904347826087,0.8959
pos_to_ac2,VASWLFPNSDKNNNNQNNGLLFSDEYLNLVDYNSSMDYKFTGEYSQHQQNCSVPQTSYGGDEVVPLELE,1.086689531686711,0.0020277629018736,0.6176657635779281,0.6157457692273073,0.6230454839429274,0.6276597760787966,0.911404347826087,0.9029
pos_to_ac3,VASWLFPNSDKNNNNQNNGLLFSDEYLNLVDYNSSMDYEFTGEYSQDQQNCSVPQTSYGGDRVVPLKLE,1.3465428541254416,0.0011073751067219,0.6848044619465758,0.6868778448555928,0.6728794638223736,0.696216680348036,0.916623188405797,0.9157
