is_selected,tax_id,zscore
False,10651,3.9368698596954346
False,10820,3.248586654663086
False,10830,4.426313400268555
False,10834,3.7650668621063232
False,10836,3.331977128982544
False,11986,1.006854772567749
False,11987,3.4866256713867188
False,11988,2.3099312782287598
False,12041,2.3210341930389404
False,12049,3.268404245376587
False,12055,0.9697796106338501
False,12056,0.6891032457351685
False,12139,3.1124045848846436
False,12142,1.827021837234497
False,12143,2.2196857929229736
False,12144,1.6059272289276123
False,12145,0.49169647693634033
False,12149,0.5226461887359619
False,12150,1.1901639699935913
False,12151,2.123793125152588
False,12152,2.440412759780884
False,12153,4.1674957275390625
False,12154,0.5448445081710815
False,12158,4.563989639282227
False,12164,2.527766227722168
False,12171,3.103717565536499
False,12175,3.229987144470215
False,12181,4.532554626464844
False,12196,3.815784454345703
False,12198,4.8507866859436035
False,12199,3.1665549278259277
False,12201,4.322092056274414
False,12229,3.3836023807525635
False,12235,1.8520917892456055
False,12238,0.7860499620437622
False,12239,0.8257310390472412
False,12241,0.6019570827484131
False,12242,1.2235013246536255
False,12253,1.1646933555603027
False,12432,4.802939414978027
False,12444,0.5874346494674683
False,12470,2.9372119903564453
False,12627,1.052538275718689
False,12881,0.29590415954589844
False,28350,3.2358007431030273
False,28354,3.30155611038208
False,29272,2.161834716796875
False,31503,1.0636279582977295
False,31559,3.294628143310547
False,31742,4.532906532287598
False,31743,4.403324127197266
False,31749,1.1008422374725342
False,31770,3.196925640106201
False,33761,1.0749890804290771
False,33763,4.839530944824219
False,35280,0.7848889827728271
False,35281,0.9773657321929932
False,35284,4.612200736999512
False,35286,4.351439476013184
False,35291,0.8284682035446167
False,35350,1.6199231147766113
False,35593,3.378328800201416
False,36403,4.898907661437988
False,36772,3.1642889976501465
False,38172,3.2739346027374268
False,39046,4.444893836975098
False,39443,0.936510443687439
False,40279,0.8159184455871582
False,41460,4.691678047180176
False,44562,2.0569679737091064
False,47669,2.3506076335906982
False,47736,2.4042232036590576
False,47740,1.661866545677185
False,47900,4.68869161605835
False,47985,4.75618839263916
False,48201,4.16213321685791
False,48876,1.136553406715393
False,49267,3.413086414337158
False,51617,0.0845801830291748
False,52274,0.06814384460449219
False,55074,2.5321669578552246
False,56879,4.0278778076171875
False,58177,1.843218445777893
False,59749,4.707747459411621
False,67762,3.2261486053466797
False,68033,3.4552950859069824
False,72539,3.822444200515747
False,73819,3.472355842590332
False,73840,4.603388786315918
False,77344,1.337126612663269
False,77811,1.1139492988586426
False,79917,3.5085558891296387
False,82847,3.2416152954101562
False,83839,4.140589237213135
False,85753,3.773836612701416
False,92963,4.706058502197266
False,96054,3.769514560699463
False,99585,1.004197359085083
False,100755,3.994170665740967
False,101281,4.451595306396484
False,103722,1.4063894748687744
False,103723,4.724392414093018
False,104263,4.648704528808594
False,104393,3.6914572715759277
False,104664,4.32419490814209
False,107324,3.927669048309326
False,111418,1.3564047813415527
False,111427,3.6289544105529785
False,111970,2.2127888202667236
False,112436,4.098931312561035
False,113553,2.5901055335998535
False,114891,4.598628997802734
False,114923,3.2849812507629395
False,119910,4.839216232299805
False,120168,4.510281562805176
False,128941,3.787860870361328
False,129143,4.890704154968262
False,131226,4.2488112449646
False,132477,4.213235855102539
False,134374,1.4522502422332764
False,135656,1.3497545719146729
False,136234,4.336214542388916
False,137556,4.843449592590332
False,141860,3.230109214782715
False,142843,1.9748929738998413
False,146499,2.025132894515991
False,146762,2.180556297302246
False,150285,4.596030235290527
False,154834,0.9902456998825073
False,157018,4.778480529785156
False,163654,0.04151630401611328
False,165432,2.432727813720703
False,167018,0.8062646389007568
False,167019,1.0088801383972168
False,167020,0.6278647184371948
False,167021,0.6697614192962646
False,167132,2.6312053203582764
False,172220,4.04461145401001
False,172278,0.12465906143188477
False,175814,4.6576433181762695
False,180526,0.2487010955810547
False,180587,3.837228775024414
False,184020,1.5564377307891846
False,185692,0.2518000602722168
False,185750,1.2924944162368774
False,185793,0.3255753517150879
False,185955,4.7478132247924805
False,186371,3.20393705368042
False,186637,3.1877503395080566
False,186642,1.957283616065979
False,186643,1.6874545812606812
False,187850,0.437042236328125
False,188333,3.8410327434539795
False,190503,1.9430772066116333
False,190811,3.6950948238372803
False,191460,2.6406302452087402
False,193120,3.3639562129974365
False,196093,3.5397801399230957
False,196375,1.2547001838684082
False,196398,3.139303207397461
False,196691,4.323676109313965
False,198310,3.2121353149414062
False,199361,4.310449600219727
False,202568,3.651555061340332
False,204928,2.2273595333099365
False,207697,0.5084799528121948
False,208084,3.1103503704071045
False,208086,2.8378851413726807
False,208177,0.4079623222351074
False,211866,2.8741836547851562
False,214439,4.19747257232666
False,218282,4.474112510681152
False,218845,0.6086112260818481
False,219596,0.572982668876648
False,219744,2.4764554500579834
False,220813,1.472551941871643
False,221036,0.12017607688903809
False,222078,3.4222981929779053
False,222441,0.4706745147705078
False,222450,4.58559513092041
False,222456,3.352384328842163
False,222459,0.3565194606781006
False,222464,4.710747718811035
False,222474,2.6906111240386963
False,222475,2.9874837398529053
False,223265,1.824355125427246
False,223276,2.2271406650543213
False,223318,4.077786445617676
False,223323,0.5829638242721558
False,223332,4.43570613861084
False,223345,3.1631500720977783
False,223352,4.032502174377441
False,223356,0.9436348676681519
False,223357,3.2525718212127686
False,228578,1.6467750072479248
False,229030,0.33730387687683105
False,229636,4.247624397277832
False,232380,3.109246253967285
False,233051,3.0319228172302246
False,234829,1.0383296012878418
False,241525,4.399175643920898
False,244050,2.7966442108154297
False,255255,3.1220126152038574
False,255587,2.577706813812256
False,260374,3.9123246669769287
False,260377,4.423189163208008
False,260378,3.0181543827056885
False,260379,4.596726417541504
False,263001,2.0098164081573486
False,263578,1.0415114164352417
False,268776,2.679184675216675
False,269095,0.7381608486175537
False,269275,3.8045740127563477
False,270117,3.683400869369507
False,270146,4.082730293273926
False,270256,2.1337993144989014
False,271479,0.5387015342712402
False,278069,2.353508949279785
False,283876,3.9082629680633545
False,290031,1.3523666858673096
False,290090,3.4844415187835693
False,291270,1.0493619441986084
False,295090,0.9113374948501587
False,297249,3.6207222938537598
False,298650,2.0175411701202393
False,300411,3.1327896118164062
False,304222,2.0944771766662598
False,306025,0.3846263885498047
False,307111,0.6739882230758667
False,307677,2.5993404388427734
False,310103,2.589087724685669
False,312008,4.166215896606445
False,312009,3.427903175354004
False,312295,4.227598190307617
False,316983,3.7277915477752686
False,325111,3.221966028213501
False,325113,2.1725103855133057
False,326202,4.742546081542969
False,326489,-0.0078051090240478516
False,326811,3.287369966506958
False,327387,0.695249080657959
False,329290,3.2040059566497803
False,333348,4.64592170715332
False,335404,3.0545496940612793
False,339965,0.765153169631958
False,341035,4.176074028015137
False,341111,2.6934986114501953
False,341167,4.343264579772949
False,345030,2.6221468448638916
False,351427,4.620311737060547
False,352882,2.5707502365112305
False,360580,0.30626678466796875
False,361697,2.5344462394714355
False,368735,1.43552565574646
False,368736,4.611093521118164
False,369762,2.292459011077881
False,371401,1.5446174144744873
False,377462,4.1701979637146
False,378833,3.27254056930542
False,379892,2.5103020668029785
False,390440,2.7392282485961914
False,390441,3.1703224182128906
False,390442,0.05972766876220703
False,390443,2.7488303184509277
False,390444,4.637143611907959
False,391228,3.7713165283203125
False,392761,2.848132848739624
False,395349,3.9967703819274902
False,400835,3.6451737880706787
False,401040,3.9906764030456543
False,402399,0.7301602363586426
False,407837,3.6332969665527344
False,408136,3.403165817260742
False,411248,0.4785184860229492
False,412688,0.5499053001403809
False,421012,2.9217164516448975
False,425279,0.917487621307373
False,425303,3.246741771697998
False,430710,1.7986130714416504
False,433462,4.780712604522705
False,435487,4.881564140319824
False,435646,4.258297920227051
False,436242,2.1186861991882324
False,436243,0.25185084342956543
False,436246,0.5918940305709839
False,437061,0.09975194931030273
False,437063,3.1992876529693604
False,437470,4.085691452026367
False,439421,4.6090826988220215
False,439422,4.223359107971191
False,439423,4.269496440887451
False,439425,1.7498297691345215
False,439426,4.876858234405518
False,439427,3.486030101776123
False,445227,1.2665263414382935
False,447171,4.752602577209473
False,447597,0.950202226638794
False,447602,4.0663652420043945
False,447606,0.38077688217163086
False,452758,2.2849016189575195
False,456390,3.423797130584717
False,463360,3.7372384071350098
False,473784,2.2257280349731445
False,479060,1.3072926998138428
False,487155,-0.01738572120666504
False,497865,2.278203010559082
False,498805,4.869853496551514
False,507474,0.9810276031494141
False,507475,4.265468597412109
False,507476,4.560347557067871
False,508748,0.605561375617981
False,509531,4.176950454711914
False,516956,4.230051517486572
False,519015,3.397256851196289
False,519350,2.957092523574829
False,535898,2.6720290184020996
False,536082,2.179971694946289
False,536083,2.7863705158233643
False,536085,3.268475294113159
False,547467,4.5142621994018555
False,548908,3.7086386680603027
False,548915,4.306607246398926
False,551531,0.5195972919464111
False,569949,0.6617560386657715
False,574890,4.425651550292969
False,575917,3.226717472076416
False,577124,3.082066297531128
False,578361,1.1354610919952393
False,579113,2.850229501724243
False,587314,2.7827935218811035
False,591166,4.6775407791137695
False,592207,3.810887575149536
False,603333,4.858610153198242
False,620894,4.248419761657715
False,630199,4.846029281616211
False,634441,3.646937370300293
False,635076,1.7107197046279907
False,638358,3.873770236968994
False,642493,0.5224769115447998
False,643133,4.5556817054748535
False,649509,3.3848018646240234
False,652717,4.869508743286133
False,662596,3.0938820838928223
False,664980,3.701808214187622
False,666145,1.9660837650299072
False,666147,0.851398229598999
False,666635,0.3052828311920166
False,674908,4.751151084899902
False,676044,0.46387648582458496
False,676234,1.610459804534912
False,683179,2.246265411376953
False,693894,3.114710807800293
False,713949,4.267101287841797
False,714310,2.948208808898926
False,714640,1.3069005012512207
False,717848,3.8842430114746094
False,741733,0.846778392791748
False,742163,3.651834487915039
False,743026,3.8204708099365234
False,743041,0.5327585935592651
False,743042,0.6308964490890503
False,758677,4.113910675048828
False,759124,0.446582555770874
False,797075,0.4412219524383545
False,858512,3.089860439300537
False,858513,3.2628321647644043
False,858516,2.7039144039154053
False,858517,3.222769021987915
False,861561,3.729485273361206
False,873160,4.621334075927734
False,875323,4.698594570159912
False,878260,0.9045665264129639
False,881944,4.618205547332764
False,889510,4.813352584838867
False,908072,1.5117839574813843
False,908124,4.874300003051758
False,908125,0.5835959911346436
False,908127,4.677987098693848
False,909827,0.21425819396972656
False,912034,0.20621967315673828
False,913600,3.5379161834716797
False,915293,1.1137343645095825
False,929051,1.5213693380355835
False,938276,0.770118236541748
False,938277,2.605008125305176
False,943272,1.6756126880645752
False,944580,1.6982704401016235
False,944996,3.6356072425842285
False,971271,0.5192389488220215
False,994388,3.904717445373535
False,995049,1.9941452741622925
False,996311,4.2040886878967285
False,997078,3.220871686935425
False,999288,0.1336357593536377
False,1000664,4.72810173034668
False,1000665,3.9014244079589844
False,1000690,0.9091118574142456
False,1027869,2.3395509719848633
False,1027880,3.2770299911499023
False,1032478,2.2796151638031006
False,1036255,2.8893749713897705
False,1038082,3.8206236362457275
False,1043184,4.217394828796387
False,1050407,4.094421863555908
False,1076345,1.9469705820083618
False,1080798,4.882814407348633
False,1089387,1.99173903465271
False,1092564,4.505407333374023
False,1093773,4.173244476318359
False,1112202,0.639602780342102
False,1123754,2.151876211166382
False,1128119,1.1180846691131592
False,1129032,4.724041938781738
False,1129034,3.102764129638672
False,1129035,3.584601879119873
False,1130981,2.6632537841796875
False,1131702,4.8785481452941895
False,1162557,4.0007476806640625
False,1169032,2.2380731105804443
False,1170656,4.595749378204346
False,1174526,3.6751511096954346
False,1175505,1.4882467985153198
False,1176156,2.6464977264404297
False,1176736,4.367430686950684
False,1182518,3.621521234512329
False,1188812,0.9146356582641602
False,1188819,1.2134935855865479
False,1196236,2.663905143737793
False,1196237,1.8984251022338867
False,1198134,3.721242904663086
False,1198498,3.3800735473632812
False,1202142,3.96079421043396
False,1206566,4.473341941833496
False,1211481,3.0228493213653564
False,1213187,0.6448088884353638
False,1213588,4.497154712677002
False,1214459,4.146347999572754
False,1221437,0.6397013664245605
False,1227355,0.6655863523483276
False,1231298,0.9311553239822388
False,1238162,3.0861754417419434
False,1247116,3.4557762145996094
False,1250303,0.7261389493942261
False,1250316,0.1554851531982422
False,1260769,0.9701554775238037
False,1266977,2.8379323482513428
False,1266994,4.898002624511719
False,1266995,4.825366973876953
False,1296569,2.1826281547546387
False,1297645,4.1461029052734375
False,1297646,1.9058339595794678
False,1297894,0.7919062376022339
False,1302849,4.330721855163574
False,1303385,2.5889816284179688
False,1307958,4.607617378234863
False,1312723,3.8587825298309326
False,1312724,3.018930196762085
False,1312929,4.711592674255371
False,1329380,2.7080588340759277
False,1331744,3.6218340396881104
False,1333313,3.939098834991455
False,1335766,2.8096091747283936
False,1335768,3.588282346725464
False,1340746,0.3340725898742676
False,1343493,0.5482017993927002
False,1352511,1.1431593894958496
False,1367126,2.871690273284912
False,1381007,4.862590789794922
False,1384631,3.0140438079833984
False,1384632,3.574472665786743
False,1391702,2.552738904953003
False,1391746,4.297030448913574
False,1397670,2.576967477798462
False,1403565,4.714597702026367
False,1411991,0.10003328323364258
False,1416026,1.5968825817108154
False,1421055,2.150052785873413
False,1424279,4.454314231872559
False,1425362,4.897570610046387
False,1431395,3.639206886291504
False,1441796,2.803786039352417
False,1441797,3.6055352687835693
False,1441798,3.3573927879333496
False,1441799,0.40579700469970703
False,1453080,0.9012017250061035
False,1453082,1.5564230680465698
False,1454227,0.6674067974090576
False,1455652,3.219369888305664
False,1455653,0.9307100772857666
False,1455654,3.061631202697754
False,1458458,0.631274938583374
False,1458459,2.730801820755005
False,1461792,4.244016647338867
False,1468172,3.0605218410491943
False,1476487,3.951347827911377
False,1485012,3.9516401290893555
False,1489311,4.242701530456543
False,1498504,4.768759727478027
False,1501716,0.8703385591506958
False,1503864,4.298439025878906
False,1504732,3.9021544456481934
False,1504733,4.599608421325684
False,1507725,1.0965726375579834
False,1530093,2.8736884593963623
False,1538549,0.6775949001312256
False,1561150,0.47010016441345215
False,1569052,4.0049333572387695
False,1569053,4.768095970153809
False,1569054,3.4971988201141357
False,1569057,4.60883092880249
False,1571533,4.214010238647461
False,1578825,3.6621384620666504
False,1590154,2.996462345123291
False,1590155,0.8750059604644775
False,1590172,2.958380937576294
False,1590173,3.72259521484375
False,1602124,3.9567692279815674
False,1602199,2.606919765472412
False,1628899,1.874864101409912
False,1631303,1.6936872005462646
False,1632184,3.335394859313965
False,1633139,2.4574787616729736
False,1634914,4.5403032302856445
False,1654603,4.406733512878418
False,1678003,4.2913007736206055
False,1705090,0.6487342119216919
False,1705091,0.3971290588378906
False,1705092,1.0016454458236694
False,1725329,1.569092869758606
False,1729670,4.051936626434326
False,1736759,3.6462697982788086
False,1738045,3.2867324352264404
False,1740165,4.341523170471191
False,1761477,1.3100929260253906
False,1778580,3.7090883255004883
False,1809767,3.7137861251831055
False,1817526,3.236372470855713
False,1819678,1.5246071815490723
False,1825931,0.35938429832458496
False,1828512,2.530336618423462
False,1833824,3.7208545207977295
False,1841147,4.512770652770996
False,1853865,3.870185375213623
False,1874267,2.1007518768310547
False,1884832,2.2990317344665527
False,1884991,0.1456136703491211
False,1897538,3.5989274978637695
False,1904880,2.5999536514282227
False,1912598,4.124108791351318
False,1913124,2.8491640090942383
False,1925152,0.038005828857421875
False,1930269,2.314760684967041
False,1931111,0.24788928031921387
False,1931113,4.199628829956055
False,1931356,3.6181578636169434
False,1950126,4.187647819519043
False,1958957,0.2971978187561035
False,1960254,4.297367572784424
False,1967841,3.78580379486084
False,1972995,2.1428213119506836
False,1979541,1.550904393196106
False,1980161,0.8440461158752441
False,1980165,0.8134286403656006
False,1980168,1.3137574195861816
False,1980173,1.921079397201538
False,1980174,1.7926634550094604
False,1985164,3.211214065551758
False,1985202,3.394340991973877
False,1985374,2.4542269706726074
False,1985392,3.429908275604248
False,2010286,1.3081858158111572
False,2010315,1.3758933544158936
False,2010316,0.8305844068527222
False,2010323,3.061762809753418
False,2010327,0.4185800552368164
False,2012856,3.0010595321655273
False,2012857,3.63275146484375
False,2016427,3.3092198371887207
False,2020287,0.4502298831939697
False,2020881,4.81547737121582
False,2021212,4.353489875793457
False,2022321,4.670834541320801
False,2025096,0.24711227416992188
False,2025352,3.003643035888672
False,2025388,4.294250965118408
False,2026195,2.5545101165771484
False,2026196,0.05215954780578613
False,2027645,4.512248992919922
False,2031200,3.064161777496338
False,2034762,4.802214622497559
False,2034763,0.27706313133239746
False,2045345,3.3814475536346436
False,2048879,0.6083476543426514
False,2049883,1.0359013080596924
False,2049892,3.7320356369018555
False,2050584,4.04206657409668
False,2051550,4.457315444946289
False,2052157,4.205063819885254
False,2052606,1.094896674156189
False,2056884,3.7308430671691895
False,2056886,4.30741024017334
False,2058778,2.318854808807373
False,2058779,3.4446420669555664
False,2065797,2.8951382637023926
False,2069326,4.792065620422363
False,2073163,4.442071914672852
False,2093274,3.378209114074707
False,2122733,2.7589809894561768
False,2161875,1.5170221328735352
False,2161877,1.9953467845916748
False,2161878,2.4770591259002686
False,2161879,1.9247045516967773
False,2161880,2.4212706089019775
False,2162638,3.020742654800415
False,2164175,1.0083730220794678
False,2169723,1.1036114692687988
False,2169724,1.8203747272491455
False,2169726,1.3109850883483887
False,2169733,2.46481990814209
False,2169734,0.41324806213378906
False,2169737,3.5171685218811035
False,2169741,4.016688823699951
False,2169742,3.385221004486084
False,2169743,4.449355125427246
False,2169744,4.5959272384643555
False,2169824,0.7420814037322998
False,2169825,1.2036088705062866
False,2169827,1.1526520252227783
False,2169828,1.2244946956634521
False,2169843,0.6463580131530762
False,2169905,0.7388243675231934
False,2169981,3.7193217277526855
False,2169988,4.511048793792725
False,2169998,3.644685983657837
False,2170046,3.1648900508880615
False,2170135,4.835413932800293
False,2182585,3.879262685775757
False,2185087,0.5068103075027466
False,2200716,2.0372111797332764
False,2203894,1.6481459140777588
False,2282485,2.336426019668579
False,2282642,3.900273084640503
False,2282643,2.507815361022949
False,2282644,3.1456055641174316
False,2282645,3.9862310886383057
False,2282646,2.614694118499756
False,2292642,2.877054452896118
False,2303151,4.007637977600098
False,2303390,4.5891008377075195
False,2304214,3.866062641143799
False,2306623,4.605632781982422
False,2320870,4.687654495239258
False,2419805,4.513092994689941
False,2491018,3.7083346843719482
False,2496575,3.478304386138916
False,2518373,4.195947647094727
False,2557970,3.799849033355713
False,2558065,0.6614714860916138
False,2558066,1.1590147018432617
False,2560350,4.096924781799316
False,2560380,3.6082658767700195
False,2560381,4.340289115905762
False,2560614,2.3929998874664307
False,2560636,3.1951074600219727
False,2560810,3.5458409786224365
False,2560812,4.160991191864014
False,2560838,0.9509017467498779
False,2560851,4.797539234161377
False,2571287,4.231220245361328
False,2575594,3.899074077606201
False,2586645,4.420202732086182
False,2596881,1.7959959506988525
False,2596883,3.936438798904419
False,2601256,1.1245802640914917
False,2607629,4.313955307006836
False,2697535,4.393657207489014
False,3240218,2.686246871948242
True,10640,8.933181762695312
True,10641,6.917300701141357
True,10649,7.156382083892822
True,10653,8.209527969360352
True,10654,10.040964126586914
True,10826,5.820397853851318
True,10840,9.654888153076172
True,11307,7.447947978973389
True,12042,7.740715503692627
True,12045,7.204712867736816
True,12138,7.588903903961182
True,12161,7.471454620361328
True,12162,6.366582870483398
True,12166,8.045360565185547
True,12167,5.028541564941406
True,12169,6.259922981262207
True,12173,5.393889427185059
True,12177,7.793194770812988
True,12178,5.977953910827637
True,12179,6.103376388549805
True,12180,5.489083290100098
True,12182,5.561317443847656
True,12183,6.663534641265869
True,12187,6.721373081207275
True,12188,5.961174964904785
True,12194,5.507458686828613
True,12197,5.792228698730469
True,12202,8.256036758422852
True,12203,6.967459201812744
True,12204,6.502394199371338
True,12205,7.905102729797363
True,12208,5.461435794830322
True,12209,5.663750648498535
True,12211,5.841091156005859
True,12215,5.261614799499512
True,12216,6.151518821716309
True,12222,6.13834285736084
True,12224,7.623589992523193
True,12227,5.472825527191162
True,12228,5.896208763122559
True,12230,5.756633281707764
True,12232,5.2539167404174805
True,12430,5.27535343170166
True,12431,6.77741813659668
True,12433,6.19440221786499
True,12458,5.774697303771973
True,12471,5.712687969207764
True,12472,8.108378410339355
True,12473,6.452010154724121
True,12777,6.596954345703125
True,12844,8.281744956970215
True,28347,6.403842926025391
True,29271,6.219669342041016
True,31722,7.523611068725586
True,31741,6.858337879180908
True,31744,7.119956970214844
True,32612,8.29888916015625
True,32619,7.59609842300415
True,32620,4.908540725708008
True,32624,8.285110473632812
True,33765,5.453105926513672
True,35287,5.2021613121032715
True,35288,6.906182765960693
True,35289,6.46553897857666
True,35290,8.08350944519043
True,38062,10.24726390838623
True,40640,8.571586608886719
True,40666,7.725718021392822
True,40687,6.9831318855285645
True,40979,5.945583343505859
True,41459,7.6092305183410645
True,42004,5.314606666564941
True,42631,5.8542985916137695
True,42882,5.149094581604004
True,43130,5.096789360046387
True,43240,8.824567794799805
True,45661,6.756929874420166
True,46076,7.051146507263184
True,46619,9.240007400512695
True,46917,5.863710403442383
True,47903,9.511613845825195
True,48200,8.387269973754883
True,51354,9.266563415527344
True,51680,6.615061283111572
True,52280,7.276115417480469
True,52996,5.9231061935424805
True,53010,6.385165691375732
True,53181,5.812448024749756
True,53260,5.486116409301758
True,53954,6.399680137634277
True,55951,9.485162734985352
True,57119,6.014130592346191
True,59380,10.47182846069336
True,59504,8.289222717285156
True,62059,7.80889368057251
True,64003,10.059757232666016
True,65467,6.362907409667969
True,66200,8.814727783203125
True,67761,5.793351650238037
True,70177,6.223667144775391
True,71030,6.213268280029297
True,71032,7.46599006652832
True,73423,5.601375579833984
True,75387,10.34479808807373
True,78395,6.58838415145874
True,81877,7.349801540374756
True,82791,6.772007942199707
True,85454,7.132108688354492
True,87097,5.457272529602051
True,91613,5.770986557006836
True,91753,7.717945098876953
True,94290,5.91152286529541
True,101764,5.87541389465332
True,104389,6.554008960723877
True,104390,5.212238311767578
True,104392,6.733903884887695
True,104637,7.140773296356201
True,112227,8.623699188232422
True,112228,6.578075408935547
True,112229,8.33098030090332
True,112437,7.553358554840088
True,114892,5.053523063659668
True,114921,5.61461067199707
True,114922,6.0887451171875
True,123735,5.7324934005737305
True,128818,6.752732276916504
True,129141,9.700347900390625
True,129732,7.04685115814209
True,131082,10.096155166625977
True,131083,6.160975456237793
True,137475,8.436439514160156
True,137758,6.379341125488281
True,138982,8.266328811645508
True,146500,5.486141204833984
True,148879,7.663561820983887
True,150284,7.933180332183838
True,154339,9.636543273925781
True,156690,7.246317386627197
True,157270,5.125343322753906
True,157777,7.268383502960205
True,160842,6.362001419067383
True,160843,6.4097089767456055
True,160844,6.057733058929443
True,163655,7.591268062591553
True,165250,7.163383960723877
True,167129,8.252034187316895
True,167634,10.528480529785156
True,168135,5.027408599853516
True,172394,6.4024977684021
True,174178,7.8978142738342285
True,178354,10.358301162719727
True,180903,5.164595603942871
True,183585,5.549348831176758
True,187977,6.946573734283447
True,187978,7.395033359527588
True,193121,7.3196587562561035
True,195059,7.044558048248291
True,195060,7.098768711090088
True,196400,5.399262428283691
True,199587,5.258174419403076
True,201862,6.262523651123047
True,203168,6.794432163238525
True,204478,6.110398769378662
True,206392,5.750491142272949
True,213888,6.385152816772461
True,216614,6.718677997589111
True,217615,5.786627769470215
True,217686,7.74507999420166
True,218923,6.867094993591309
True,220608,5.062778472900391
True,221054,7.826993465423584
True,221262,7.377504825592041
True,222460,5.410345077514648
True,223334,5.734969139099121
True,223337,5.2492876052856445
True,223344,4.980578422546387
True,224578,6.139397621154785
True,225752,6.200911521911621
True,227137,5.264610290527344
True,228582,7.72361946105957
True,240492,5.434737205505371
True,240865,4.986222267150879
True,241651,6.6706342697143555
True,253700,5.084741592407227
True,253701,6.860191345214844
True,253702,7.441353797912598
True,255066,6.500027179718018
True,262957,6.6931328773498535
True,263004,5.730080604553223
True,263892,8.555356979370117
True,264076,10.389501571655273
True,265877,7.750777244567871
True,268316,6.850223541259766
True,270478,6.554498672485352
True,279896,5.257841110229492
True,282712,6.3799333572387695
True,290030,5.302383899688721
True,291286,6.982845306396484
True,292627,7.081850528717041
True,299200,5.0592041015625
True,300740,7.159068584442139
True,301865,5.191855430603027
True,305785,8.157615661621094
True,307110,5.69299840927124
True,309390,4.938591957092285
True,310749,6.9318718910217285
True,317027,8.300997734069824
True,320856,9.453758239746094
True,322053,5.512139320373535
True,323118,6.5644989013671875
True,326941,6.462436676025391
True,328430,8.305749893188477
True,328670,8.256174087524414
True,328671,9.750109672546387
True,329048,6.568541049957275
True,329164,7.533481597900391
True,332471,7.549226760864258
True,334778,8.175333023071289
True,335963,6.963958740234375
True,337823,7.502979755401611
True,337824,5.335777282714844
True,337826,6.917130947113037
True,348823,6.571468830108643
True,348894,8.405145645141602
True,351426,5.277737617492676
True,351428,5.2971601486206055
True,354328,8.860977172851562
True,360579,6.073877334594727
True,362692,7.281867504119873
True,362693,5.335268974304199
True,365150,7.631775379180908
True,367061,5.080765724182129
True,367121,5.43756103515625
True,367682,6.958398818969727
True,369752,5.00239896774292
True,373398,6.825672149658203
True,373861,8.700201034545898
True,375546,6.948309898376465
True,377610,5.24013614654541
True,379728,5.534492492675781
True,380669,9.255807876586914
True,387423,6.3658342361450195
True,390439,8.803080558776855
True,390849,5.102276802062988
True,394036,7.256943225860596
True,397544,7.135956287384033
True,399314,9.595705032348633
True,400394,6.569885730743408
True,400396,6.349736213684082
True,404404,4.960184097290039
True,405558,5.747512340545654
True,409486,4.963586330413818
True,414528,8.396230697631836
True,417192,6.056611061096191
True,417288,5.489943027496338
True,418827,6.825857639312744
True,419782,9.134199142456055
True,421010,7.726611614227295
True,421013,7.717220306396484
True,424679,9.666278839111328
True,429130,6.614644527435303
True,429564,6.370779991149902
True,430059,5.347850799560547
True,431317,7.862213611602783
True,433357,7.1889729499816895
True,435486,7.957927227020264
True,436007,7.322936534881592
True,436066,9.224729537963867
True,443746,5.9273529052734375
True,447600,5.3619513511657715
True,447603,5.624964714050293
True,447604,7.195275783538818
True,447605,5.879970550537109
True,453050,6.0741705894470215
True,457382,5.237768650054932
True,471285,8.648164749145508
True,471498,5.284759521484375
True,471717,5.589343070983887
True,474454,6.216616630554199
True,475777,5.337946891784668
True,478550,6.839021682739258
True,488317,7.559126853942871
True,496807,7.894169330596924
True,497863,6.079587459564209
True,501328,5.396737098693848
True,508750,6.9312424659729
True,515320,8.056316375732422
True,515446,6.067763328552246
True,515575,8.891288757324219
True,520848,7.633579730987549
True,524023,8.343402862548828
True,543876,5.355572700500488
True,549205,10.095848083496094
True,551003,5.17503547668457
True,551454,5.608138084411621
True,565624,5.739076137542725
True,572239,5.213872909545898
True,573615,5.873483180999756
True,578107,4.935508728027344
True,587370,7.444298267364502
True,587620,5.236104965209961
True,588752,5.4810099601745605
True,590403,7.653757572174072
True,591160,5.943391799926758
True,592206,5.100780487060547
True,596957,6.480642318725586
True,614034,4.9470109939575195
True,640136,5.322530269622803
True,646010,8.02291488647461
True,647294,10.092290878295898
True,653358,5.53844690322876
True,656190,7.1953511238098145
True,658650,5.918652534484863
True,670251,6.233217239379883
True,670883,5.029853820800781
True,671095,4.994589805603027
True,671126,6.594871997833252
True,674996,6.657966613769531
True,675077,5.7218546867370605
True,680112,8.874408721923828
True,681518,6.042543411254883
True,685899,7.4602952003479
True,688540,6.108955383300781
True,693892,5.680960655212402
True,715480,5.693183898925781
True,761701,7.431349754333496
True,796352,7.006773471832275
True,859650,8.469157218933105
True,875324,6.820420742034912
True,887825,5.848711967468262
True,887827,4.964616775512695
True,908028,5.089059829711914
True,911574,5.69735050201416
True,930168,11.234901428222656
True,930881,7.995772361755371
True,936005,6.6508564949035645
True,937809,9.724963188171387
True,940280,7.408322811126709
True,940846,7.880585193634033
True,944994,6.449519157409668
True,945225,4.956680774688721
True,945960,7.128224849700928
True,946046,7.966512203216553
True,998864,5.421526908874512
True,1001341,7.025859832763672
True,1003891,5.930124282836914
True,1010616,4.979951858520508
True,1016852,8.962747573852539
True,1016853,10.912771224975586
True,1016854,8.899202346801758
True,1016855,8.875561714172363
True,1016856,8.66342544555664
True,1016857,8.261646270751953
True,1030595,5.748683929443359
True,1031708,5.967721462249756
True,1032457,8.580802917480469
True,1034096,5.749524116516113
True,1046402,6.620589256286621
True,1046403,5.7196502685546875
True,1046574,5.92333984375
True,1048434,7.858355522155762
True,1051792,10.004570007324219
True,1072517,5.533060073852539
True,1072672,5.224826812744141
True,1080799,6.209354400634766
True,1081702,4.994124412536621
True,1133751,6.539447784423828
True,1168550,5.918931484222412
True,1176153,7.744406700134277
True,1177751,9.276588439941406
True,1177752,7.578724384307861
True,1177753,7.772547245025635
True,1188792,6.559808254241943
True,1188793,9.188430786132812
True,1198144,6.581487655639648
True,1198219,5.958904266357422
True,1200971,7.487187385559082
True,1211388,8.828581809997559
True,1211480,8.94106674194336
True,1213406,4.938549995422363
True,1218727,7.362064838409424
True,1220025,7.257015705108643
True,1221449,5.5702924728393555
True,1225069,5.189208984375
True,1231334,5.5717973709106445
True,1239452,8.14307689666748
True,1243178,8.487661361694336
True,1247115,5.813924789428711
True,1266993,5.309520721435547
True,1301220,9.286542892456055
True,1302848,6.270107269287109
True,1302850,7.894392490386963
True,1306546,6.985489368438721
True,1324128,6.3029985427856445
True,1367218,5.094526290893555
True,1381464,4.905948638916016
True,1383052,5.009835720062256
True,1392388,6.89055871963501
True,1400526,5.6767473220825195
True,1406816,9.076179504394531
True,1414644,8.73574447631836
True,1417304,6.945978164672852
True,1418029,6.423357009887695
True,1425363,5.701170921325684
True,1428189,7.682013034820557
True,1432563,7.1818413734436035
True,1432565,7.529539108276367
True,1453083,5.293684005737305
True,1459800,6.0218048095703125
True,1462681,5.475442409515381
True,1468454,8.427898406982422
True,1471299,8.700202941894531
True,1472425,6.579890727996826
True,1476485,7.601442813873291
True,1476909,9.926475524902344
True,1489312,6.238011360168457
True,1492296,6.21720027923584
True,1493829,7.482821941375732
True,1497848,6.5135955810546875
True,1505530,9.60889720916748
True,1507984,5.284883499145508
True,1512278,7.304710865020752
True,1513529,5.799716949462891
True,1514896,8.445075988769531
True,1543207,5.3259124755859375
True,1547577,5.359989166259766
True,1564903,7.235701560974121
True,1568974,5.070224761962891
True,1569055,5.372583389282227
True,1569056,5.409753322601318
True,1577997,8.034720420837402
True,1592930,6.936365604400635
True,1608257,6.7732768058776855
True,1619899,10.190195083618164
True,1667230,6.281645774841309
True,1679239,9.242170333862305
True,1688637,5.638152122497559
True,1692045,7.313961029052734
True,1702121,7.7325119972229
True,1711684,9.0169095993042
True,1711685,8.576292037963867
True,1719047,6.1572370529174805
True,1720595,7.295557975769043
True,1766828,9.828224182128906
True,1770265,7.320563793182373
True,1770618,6.378466606140137
True,1774276,6.304625988006592
True,1775456,7.5875115394592285
True,1775963,5.176906108856201
True,1776177,7.4505085945129395
True,1777016,7.907911777496338
True,1803898,4.969444274902344
True,1808970,8.788509368896484
True,1815581,5.490988731384277
True,1825924,8.616339683532715
True,1830242,7.5978312492370605
True,1848040,8.408817291259766
True,1853762,5.058943748474121
True,1856031,7.3988823890686035
True,1862127,5.849787712097168
True,1868472,5.5386061668396
True,1868659,7.155571460723877
True,1874886,4.925207138061523
True,1881013,7.169368743896484
True,1881630,5.279003143310547
True,1886606,5.190457344055176
True,1890365,7.758396625518799
True,1899219,4.954964637756348
True,1899566,5.247823715209961
True,1904884,4.935704231262207
True,1905830,8.036866188049316
True,1906317,7.355547904968262
True,1913024,8.555633544921875
True,1913125,7.284211158752441
True,1914900,5.266552925109863
True,1919062,5.7857184410095215
True,1921009,5.510431289672852
True,1923137,5.605572700500488
True,1925153,8.86186408996582
True,1940252,9.003993034362793
True,1955054,5.451828479766846
True,1955730,6.090662002563477
True,1959287,6.539626121520996
True,1960252,9.257486343383789
True,1960253,10.591070175170898
True,1960255,6.543702125549316
True,1960887,4.934859275817871
True,1963256,6.769679069519043
True,1963260,7.54345178604126
True,1965225,5.388197898864746
True,1965306,8.641637802124023
True,1965355,4.9984636306762695
True,1972716,8.139610290527344
True,1972994,6.370046138763428
True,1973265,9.947368621826172
True,1977392,5.457250595092773
True,1978413,5.319065093994141
True,1982660,7.183669567108154
True,1985699,7.412593841552734
True,1985968,4.906192779541016
True,1987360,9.669235229492188
True,1993907,6.978346347808838
True,2005044,5.812619209289551
True,2006498,6.339377403259277
True,2010319,5.618077754974365
True,2010326,6.697323799133301
True,2010332,5.000988960266113
True,2011125,9.25959587097168
True,2013968,6.535059452056885
True,2016034,5.910185813903809
True,2016426,6.013891220092773
True,2018312,6.490630626678467
True,2018313,7.794100761413574
True,2019445,5.777286052703857
True,2020286,6.049030303955078
True,2020956,11.329544067382812
True,2021667,5.195217609405518
True,2024724,6.936995029449463
True,2030909,6.58180046081543
True,2033633,9.683249473571777
True,2040662,5.50235652923584
True,2049944,7.99001932144165
True,2050583,6.685646057128906
True,2050589,5.487815856933594
True,2052838,5.345913887023926
True,2054409,6.411555767059326
True,2056878,7.4219069480896
True,2056879,8.333353996276855
True,2056880,5.843247413635254
True,2056881,5.503500938415527
True,2056882,7.921908855438232
True,2056883,6.309581279754639
True,2056885,7.6956682205200195
True,2057979,6.918337345123291
True,2058396,6.378207206726074
True,2060142,7.293102264404297
True,2060511,5.374738693237305
True,2070152,6.732306003570557
True,2074132,5.285959720611572
True,2093224,7.621221542358398
True,2093273,6.264406204223633
True,2093275,6.988831520080566
True,2093276,6.9647064208984375
True,2093496,6.146000862121582
True,2116736,7.642711639404297
True,2136283,7.620003700256348
True,2137858,5.506095886230469
True,2152660,10.560867309570312
True,2169693,10.137001037597656
True,2169727,6.181985855102539
True,2169728,8.63144302368164
True,2169732,5.807905197143555
True,2169736,6.421708106994629
True,2169739,6.2848734855651855
True,2169740,6.154049873352051
True,2169908,6.080014705657959
True,2169985,4.963351249694824
True,2169987,5.5534257888793945
True,2170100,8.295949935913086
True,2170101,6.075850963592529
True,2170132,8.342117309570312
True,2170240,5.917938232421875
True,2170538,5.459794044494629
True,2170544,6.3712310791015625
True,2172094,5.230478286743164
True,2175329,7.145450115203857
True,2184469,7.84760046005249
True,2185086,9.24531078338623
True,2200955,8.843595504760742
True,2201042,5.776293754577637
True,2202146,4.996636867523193
True,2212477,7.924239158630371
True,2219873,5.924457550048828
True,2248770,6.331915855407715
True,2267679,5.808145523071289
True,2268393,7.766890048980713
True,2283388,7.26816987991333
True,2283800,7.60705041885376
True,2291614,5.38496208190918
True,2293720,7.746198654174805
True,2294149,10.178659439086914
True,2303411,5.930414199829102
True,2303485,10.052541732788086
True,2306727,6.744576930999756
True,2316740,5.806989669799805
True,2338394,6.206801891326904
True,2338396,7.4845051765441895
True,2340808,5.910477638244629
True,2364291,5.893670558929443
True,2419797,5.764931678771973
True,2419804,6.629927635192871
True,2487100,5.768801689147949
True,2491019,6.540205955505371
True,2494552,8.339133262634277
True,2497337,8.873332977294922
True,2510428,6.3420820236206055
True,2518104,6.49088716506958
True,2528410,7.696560382843018
True,2560282,5.008172988891602
True,2560349,6.824123859405518
True,2560371,7.980921268463135
True,2560401,8.719995498657227
True,2560515,5.543848037719727
True,2560811,5.212039947509766
True,2560813,7.707577228546143
True,2562807,6.3101420402526855
True,2588671,7.347568988800049
True,2591696,6.858077049255371
True,2608606,6.519907474517822
True,2664236,5.655215263366699
True,2676436,8.417247772216797
True,2706523,6.3655500411987305
True,2730579,6.143946647644043
True,2731270,8.19925308227539
True,2734556,6.068092346191406
True,2908018,7.920193195343018
True,3051985,9.898855209350586
True,3052813,5.781724452972412
True,3158378,7.2349467277526855
True,3240217,5.657011032104492
True,3240745,7.222766399383545
True,3241188,9.120338439941406
